is_canceled,hotel,lead_time,arrival_date_week_number,stays_in_weekend_nights,stays_in_week_nights,adults,children,babies,meal,reserved_room_type,customer_type,adr,total_of_special_requests,stays_in_night,total
0,0,68,27,0,4,2,0,0,0,3,2,0.01588117352689701,3,4,2
0,0,14,27,0,2,2,0,0,0,0,2,0.016044896965318627,1,2,2
0,0,10,27,0,2,2,2,0,0,6,2,0.025049686078507653,0,2,4
0,0,9,27,0,1,2,0,0,0,2,2,0.0155062468529115,0,1,2
0,0,51,28,1,3,2,0,0,0,6,2,0.01928825828045089,2,4,2
0,0,51,28,1,3,3,0,0,0,6,2,0.01928825828045089,2,4,3
0,0,98,28,1,1,2,0,0,0,3,2,0.01429305617420731,1,2,2
0,0,88,28,0,4,3,0,0,1,3,2,0.0245585157632428,1,4,3
0,0,10,28,0,1,2,0,0,0,0,2,0.021447770433232042,0,1,2
0,0,42,29,1,2,2,0,0,0,3,2,0.01800957822637805,0,3,2
0,0,7,29,0,1,2,2,0,0,2,2,0.02766926109325355,1,1,4
0,0,70,31,0,1,2,1,0,0,3,2,0.0188036369027229,1,1,3
0,0,110,31,2,8,2,0,0,0,0,2,0.014890646724446215,1,10,2
0,0,5,32,2,1,2,0,0,0,3,2,0.02580117666086288,1,3,2
0,0,34,33,2,2,2,0,0,0,3,2,0.03454564550696153,1,4,2
0,0,30,33,1,2,2,0,0,0,0,2,0.03454564550696153,0,3,2
0,0,2,33,2,2,2,2,0,0,6,2,0.03970293381724252,0,4,4
0,0,0,34,0,1,1,0,0,0,6,2,0.03274468768432373,0,1,1
0,0,4,36,0,4,2,0,0,0,3,2,0.025254340376534675,0,4,2
0,0,25,36,1,1,2,0,0,0,4,2,0.0228394196598158,1,2,2
0,0,119,39,0,2,2,0,0,0,0,2,0.00932896152126383,1,2,2
0,0,69,41,1,1,2,0,0,1,0,2,0.01440766258110244,1,2,2
0,0,130,42,0,2,2,0,0,0,5,2,0.016110386340687274,0,2,2
0,0,2,44,0,2,1,0,0,0,0,2,0.0057466926885988145,1,2,1
0,0,25,44,0,2,2,0,0,0,0,2,0.009168512551610645,0,2,2
0,0,54,44,0,1,2,0,0,0,0,2,0.006354106645143021,1,1,2
0,0,11,45,0,1,1,0,0,0,0,2,0.007220203634393381,1,1,1
0,0,23,3,0,1,2,0,0,0,4,2,0.007858725044237696,0,1,2
1,0,44,19,2,3,2,0,0,0,4,2,0.015553726650053772,0,5,2
1,0,54,20,0,1,2,0,0,0,3,2,0.014080215704259203,0,1,2
1,0,46,22,1,0,1,0,0,0,3,2,0.014735109457945678,0,1,1
1,0,18,22,0,2,2,2,0,0,6,2,0.02275755794060499,1,2,4
1,0,18,22,0,2,2,2,0,0,6,2,0.023739898571134704,1,2,4
1,0,34,23,0,3,1,0,0,0,5,2,0.023739898571134704,0,3,1
1,0,3,26,0,1,2,0,0,1,4,2,0.027996707970096787,0,1,2
1,0,24,28,0,2,2,0,0,0,0,2,0.027996707970096787,1,2,2
1,0,22,28,2,1,2,0,0,0,7,2,0.03667405020644258,0,3,2
1,0,114,30,1,3,2,2,0,0,6,2,0.03929362522118848,0,4,4
1,0,114,30,1,3,2,0,0,0,4,2,0.033890751753275064,0,4,2
1,0,114,30,1,3,2,0,0,0,4,2,0.033890751753275064,0,4,2
1,0,114,30,2,3,2,2,0,0,6,2,0.03929362522118848,0,5,4
1,0,114,30,2,3,2,0,0,0,4,2,0.033890751753275064,0,5,2
1,0,114,30,2,3,2,0,0,0,4,2,0.033890751753275064,0,5,2
1,0,22,31,0,2,2,0,0,0,5,2,0.03423457097396046,0,2,2
1,0,91,33,2,3,3,1,0,0,7,2,0.04469649868910189,0,5,4
1,0,22,33,1,3,2,0,0,0,0,2,0.037820114275393904,0,4,2
1,0,22,33,1,3,2,0,0,0,0,2,0.035855433014334484,0,4,2
1,0,77,34,0,2,2,0,0,0,4,2,0.03503681582222639,0,2,2
1,0,26,34,1,1,3,1,0,0,7,2,0.04977192528017207,0,2,4
1,0,123,36,2,3,2,0,0,0,4,2,0.03107470861242322,0,5,2
1,0,124,36,1,3,2,0,0,0,4,2,0.030861868142475112,0,4,2
0,0,542,40,3,7,2,0,0,2,0,3,0.003667405020644258,0,10,2
1,0,36,40,0,2,2,2,0,0,6,2,0.02766926109325355,0,2,4
1,0,69,40,0,1,2,0,0,0,4,2,0.02275755794060499,0,1,2
1,0,139,49,1,3,2,0,0,0,4,2,0.00913576786392632,0,4,2
1,0,135,49,1,3,2,0,0,0,4,2,0.00913576786392632,1,4,2
1,0,75,50,0,5,2,0,0,0,0,2,0.0061887459723371846,0,5,2
1,0,76,52,1,1,2,0,0,0,6,2,0.012082789755515456,2,2,2
1,0,40,7,2,3,2,0,0,0,0,2,0.007858725044237696,0,5,2
1,0,40,7,2,3,2,0,0,0,0,2,0.007858725044237696,0,5,2
1,0,73,8,2,1,2,0,0,0,0,2,0.006876384413707983,0,3,2
1,0,211,10,0,1,1,0,0,0,0,2,0.0054519904994399,0,1,1
1,0,133,11,1,0,2,0,0,0,0,2,0.006876384413707983,2,1,2
1,0,255,14,1,0,2,0,0,0,0,2,0.008841065674767406,2,1,2
1,0,192,14,2,5,2,0,0,0,3,2,0.011226516172570391,1,7,2
1,0,55,15,1,2,2,0,0,0,0,2,0.016098925699997758,0,3,2
1,0,28,16,0,2,2,0,0,0,3,2,0.016372343842161866,1,2,2
1,0,16,17,1,1,2,0,0,0,3,2,0.01817330166479967,0,2,2
1,0,94,18,0,2,2,0,0,0,4,2,0.018828195418486144,2,2,2
1,0,7,19,0,2,1,0,0,0,0,2,0.013916492265837584,1,2,1
1,0,7,19,0,2,2,0,0,0,0,2,0.013916492265837584,1,2,2
1,0,201,19,1,1,2,0,0,0,0,2,0.012524843039253828,1,2,2
1,0,201,19,1,1,2,0,0,0,0,2,0.012524843039253828,1,2,2
1,0,201,19,1,1,2,0,0,0,0,2,0.012524843039253828,1,2,2
1,0,259,21,2,2,2,2,0,0,6,2,0.021284046994810426,0,4,4
1,0,16,21,0,3,2,1,0,0,5,2,0.031107453300107543,0,3,3
1,0,2,22,1,1,2,0,0,0,0,2,0.01964681261059424,1,2,2
1,0,12,24,0,3,2,0,0,1,4,2,0.03307213456116696,1,3,2
1,0,175,24,0,3,2,0,0,0,4,2,0.02292128137902661,1,3,2
1,0,77,24,2,5,2,2,0,3,6,2,0.050917989349123394,2,7,4
1,0,57,25,0,3,2,2,0,1,6,2,0.04715235026542617,0,3,4
1,0,244,25,1,3,2,0,0,1,0,2,0.020923855430282863,2,4,2
1,0,244,25,1,3,2,0,0,1,0,2,0.020923855430282863,2,4,2
1,0,103,26,2,1,2,0,0,0,6,2,0.034218198630118296,1,3,2
1,0,116,26,1,3,2,0,0,0,0,2,0.01964681261059424,0,4,2
1,0,59,26,2,1,2,2,0,0,6,2,0.040930859605404664,0,3,4
1,0,171,27,2,1,2,2,0,0,6,2,0.029470218915891355,0,3,4
1,0,133,27,1,1,2,0,0,0,0,2,0.02292128137902661,1,2,2
1,0,135,28,1,2,2,2,0,0,2,2,0.032471269542159634,2,3,4
1,0,4,30,0,2,2,0,0,0,0,2,0.03151676189616159,2,2,2
1,0,119,31,2,2,2,2,0,0,2,2,0.04404160493541542,2,4,4
1,0,153,32,0,1,2,0,0,0,3,2,0.0360191564527561,1,1,2
1,0,161,32,1,2,2,2,0,0,6,2,0.04911703152648559,1,3,4
1,0,188,33,1,2,2,0,0,0,4,2,0.033509276141752684,1,3,2
1,0,76,33,2,3,2,0,0,0,4,2,0.04338671118172894,1,5,2
1,0,160,33,2,3,2,0,0,0,4,2,0.03896617834434524,0,5,2
1,0,160,33,2,3,2,0,0,0,4,2,0.03896617834434524,0,5,2
1,0,17,34,1,1,2,0,0,0,3,2,0.03929362522118848,2,2,2
1,0,51,35,2,0,2,2,0,0,6,2,0.047479797142269416,1,2,4
1,0,51,35,2,0,2,2,0,0,6,2,0.047479797142269416,1,2,4
1,0,74,35,0,3,2,2,0,0,2,2,0.038201589886916285,1,3,4
0,0,0,28,1,0,2,2,0,0,6,1,0.025049686078507653,0,1,4
0,0,41,29,1,3,1,0,0,0,3,2,0.02210266418691852,0,4,1
0,0,39,30,1,2,2,0,0,0,3,2,0.017019051423927258,1,3,2
0,0,13,31,0,1,2,1,0,0,0,2,0.02750553765483193,2,1,3
0,0,69,33,1,0,2,0,0,0,0,2,0.021938940748496897,0,1,2
0,0,74,33,1,0,2,0,0,0,0,2,0.021938940748496897,0,1,2
0,0,71,33,2,6,2,0,0,1,3,2,0.032417240807480485,0,8,2
0,0,49,36,2,5,2,0,0,1,3,2,0.035789943638965836,0,7,2
0,0,41,34,0,2,3,0,0,0,0,2,0.03590455004586097,2,2,3
0,0,70,34,3,5,2,0,0,0,4,2,0.019641900907441587,1,8,2
0,0,75,34,2,1,2,0,0,0,3,2,0.01934064978074581,0,3,2
0,0,0,35,0,1,1,0,0,0,0,2,0.025049686078507653,0,1,1
0,0,37,35,2,3,2,0,0,0,0,2,0.02168353218455917,2,5,2
0,0,49,35,0,3,2,0,1,1,4,2,0.02905599861668466,2,3,3
0,0,193,35,2,3,2,0,0,0,0,2,0.017019051423927258,1,5,2
0,0,32,35,2,4,1,1,0,0,4,2,0.02532965315820862,1,6,2
0,0,0,35,0,1,2,0,0,0,0,2,0.025049686078507653,1,1,2
0,0,13,36,2,1,2,0,0,0,5,2,0.019776154126947318,0,3,2
0,0,37,36,0,2,3,0,0,0,6,2,0.01928825828045089,1,2,3
0,0,89,37,0,2,2,0,0,0,3,2,0.01588117352689701,1,2,2
0,0,0,38,0,1,1,0,0,0,0,1,0.010642023497405213,0,1,1
0,0,172,38,2,5,2,0,0,1,0,0,0.011829018425961945,1,7,2
0,0,179,39,3,6,2,0,0,0,0,0,0.00984796482106036,0,9,2
0,0,37,39,1,3,2,2,0,0,6,2,0.02210266418691852,0,4,4
0,0,81,39,0,4,2,0,0,0,0,2,0.01588117352689701,1,4,2
0,0,38,40,4,7,2,2,0,0,6,2,0.018828195418486144,1,11,4
0,0,1,42,0,1,2,0,0,0,3,2,0.010805746935826829,1,1,2
0,0,130,42,0,2,2,0,0,0,5,2,0.015128045710157563,0,2,2
0,0,0,43,0,2,1,0,0,0,6,2,0.017354684472691576,0,2,1
0,0,109,46,0,1,2,0,0,0,5,2,0.012246513193937074,2,1,2
0,0,36,45,2,6,1,0,0,0,0,3,0.005894043783178271,0,8,1
0,0,12,45,3,10,2,0,0,0,0,3,0.007858725044237696,0,13,2
0,0,5,48,2,0,1,0,0,0,0,2,0.006548937536864746,1,2,1
0,0,0,53,1,0,2,0,0,0,4,2,0.011624364127934923,0,1,2
0,0,58,52,2,4,2,0,0,0,4,2,0.009495959428453882,1,6,2
0,0,0,53,1,0,2,0,0,0,0,2,0.012279257881621396,0,1,2
0,0,29,52,2,5,2,0,0,0,3,2,0.011624364127934923,1,7,2
0,0,2,53,0,3,2,0,0,0,0,2,0.011940350364088649,0,3,2
0,0,17,1,2,1,2,0,0,0,4,2,0.009364980677716586,1,3,2
0,0,0,2,0,1,2,0,0,0,0,2,0.005108171278754501,0,1,2
0,0,0,2,2,5,2,0,0,0,0,2,0.007858725044237696,0,7,2
0,0,11,2,1,2,2,0,0,0,4,2,0.01132966193877601,1,3,2
0,0,3,2,1,2,2,0,0,0,4,2,0.008644597548661464,0,3,2
0,0,0,2,2,4,2,0,0,0,0,2,0.006221490660021509,0,6,2
0,0,1,4,0,2,2,0,0,0,0,2,0.007367554728972839,0,2,2
0,0,0,6,1,4,2,0,0,0,0,2,0.006385214098443127,2,5,2
0,0,0,7,0,1,2,0,0,0,0,2,0.009495959428453882,0,1,2
0,0,0,8,0,1,2,0,0,0,3,2,0.0075312781673944566,0,1,2
0,0,24,9,1,1,2,0,0,0,0,2,0.006051218284063025,2,2,2
0,0,24,9,1,1,2,0,0,0,0,2,0.006051218284063025,2,2,2
0,0,4,13,2,1,2,0,0,0,3,2,0.0070401078521296016,0,3,2
0,0,6,14,1,3,2,0,0,1,4,2,0.01596303524610782,0,4,2
0,0,2,15,1,1,2,0,0,0,4,2,0.01424393914268082,1,2,2
0,0,1,15,0,2,2,0,0,0,4,2,0.013916492265837584,1,2,2
0,0,19,15,1,3,2,0,0,0,5,2,0.01653606728058348,0,4,2
0,0,26,15,2,2,3,1,0,0,7,2,0.023965836916156537,1,4,4
0,0,27,16,2,2,3,1,0,0,6,2,0.022266387625340136,0,4,4
0,0,8,16,0,1,1,0,0,0,6,2,0.01575838094808079,0,1,1
0,0,79,17,1,2,2,0,0,0,6,2,0.019155642295329383,0,3,2
0,0,79,17,1,2,2,0,0,0,5,2,0.0166997907190051,0,3,2
0,0,9,18,1,1,2,0,0,0,0,2,0.008194358093002013,1,2,2
0,0,113,18,0,2,1,0,0,0,6,2,0.012821182462796956,1,2,1
0,0,113,18,0,2,2,0,0,0,6,2,0.012821182462796956,1,2,2
0,0,179,18,0,2,2,0,0,0,0,2,0.008546363485608494,1,2,2
0,0,179,18,0,2,2,0,0,0,0,2,0.009528704116138206,1,2,2
0,0,1,18,0,3,1,0,0,0,4,2,0.014898832896367297,1,3,1
0,0,33,18,1,4,1,0,0,0,0,2,0.006074139565442053,0,5,1
0,0,0,18,0,1,2,0,0,0,4,2,0.013916492265837584,0,1,2
0,0,0,19,1,0,2,0,0,0,5,2,0.018828195418486144,1,1,2
0,0,13,19,2,0,2,0,0,0,3,2,0.011788087566356542,0,2,2
0,0,67,19,2,4,2,0,0,0,3,2,0.012415148335511342,1,6,2
0,0,77,20,0,5,2,0,0,1,5,2,0.005566596906335034,1,5,2
0,0,68,21,1,2,2,0,0,0,0,2,0.009168512551610645,0,3,2
0,0,129,22,2,1,2,0,0,0,3,2,0.010756629904300343,2,3,2
0,0,40,22,1,1,2,0,0,0,4,2,0.01817330166479967,2,2,2
0,0,129,22,2,1,2,0,0,0,3,2,0.011738970534830057,2,3,2
0,0,49,22,0,1,2,0,0,0,5,3,0.017190961034269956,1,1,2
0,0,49,22,0,1,2,0,0,0,5,3,0.017190961034269956,1,1,2
0,0,39,22,1,1,2,0,0,0,5,2,0.019810536049015854,1,2,2
0,0,5,22,1,1,2,2,0,0,6,2,0.023739898571134704,0,2,4
0,0,136,23,2,0,2,0,0,0,3,2,0.011133193812670068,0,2,2
0,0,59,23,2,0,3,0,0,0,6,2,0.023739898571134704,0,2,3
0,0,65,23,1,1,2,0,0,0,4,2,0.015553726650053772,0,2,2
0,0,1,23,0,2,1,0,0,0,5,2,0.0263594735858806,0,2,1
0,0,2,23,0,1,2,0,0,0,3,1,0.020301706364280712,0,1,2
0,0,34,23,0,3,2,0,0,0,5,2,0.027559566389511063,0,3,2
0,0,34,23,0,3,2,0,0,0,5,2,0.025704579832194128,0,3,2
0,0,129,24,2,1,2,0,0,0,0,2,0.010085363806771708,2,3,2
0,0,124,24,1,1,3,0,0,0,2,2,0.02210266418691852,2,2,3
0,0,124,24,1,1,3,0,0,0,2,2,0.02210266418691852,2,2,3
0,0,0,23,2,3,2,0,0,0,5,2,0.01964681261059424,0,5,2
0,0,0,25,1,0,1,0,0,0,0,2,0.01784585478795643,0,1,1
0,0,0,25,1,0,2,0,0,0,5,2,0.026032026709037363,0,1,2
0,0,74,25,1,1,2,0,0,0,6,2,0.024479928512800418,1,2,2
0,0,56,25,1,1,3,0,0,0,0,2,0.026850643901145457,1,2,3
0,0,56,25,1,1,2,0,0,0,0,2,0.021120323556388803,1,2,2
0,0,160,25,2,5,2,0,0,1,3,2,0.01940122745296181,2,7,2
0,0,5,26,1,2,2,0,0,0,5,2,0.03017914140425696,2,3,2
0,0,161,25,2,4,2,0,0,0,4,2,0.019073780576118568,3,6,2
0,0,57,25,2,2,2,1,0,0,0,2,0.019810536049015854,1,4,3
0,0,57,25,2,2,2,0,0,0,0,2,0.01616768954413484,1,4,2
0,0,48,26,1,1,2,2,0,0,6,3,0.030943729861685924,0,2,4
0,0,48,26,1,1,2,2,0,0,6,3,0.03290841112274535,0,2,4
0,0,0,26,0,1,2,0,0,0,4,2,0.02275755794060499,0,1,2
0,0,8,26,0,2,2,3,0,0,7,2,0.030452559546421062,0,2,5
0,0,3,26,0,1,2,0,0,0,0,2,0.016110386340687274,0,1,2
0,0,25,26,1,1,2,0,0,0,5,2,0.021305331041805237,1,2,2
0,0,170,27,0,1,2,0,0,0,0,2,0.017534780254955355,2,1,2
0,0,170,27,0,1,2,0,0,0,0,2,0.019499461516014782,2,1,2
0,0,0,28,1,0,2,0,0,0,0,2,0.015658509650643606,0,1,2
0,0,25,28,1,0,2,0,0,0,0,2,0.021447770433232042,1,1,2
0,0,29,28,0,1,2,0,0,0,2,2,0.024709141326590682,1,1,2
0,0,8,28,0,2,3,1,0,0,6,3,0.035855433014334484,0,2,4
0,0,8,28,0,2,2,2,0,0,7,3,0.03667405020644258,0,2,4
0,0,61,28,0,2,2,2,0,0,2,2,0.031107453300107543,1,2,4
0,0,61,28,0,2,2,0,0,0,5,2,0.03143490017695078,1,2,2
0,0,14,28,0,2,2,0,0,0,0,2,0.022009341827018195,1,2,2
0,0,30,28,0,3,1,0,0,0,4,2,0.023952739041082808,1,3,1
0,0,0,29,0,1,2,0,0,0,3,2,0.0263594735858806,0,1,2
0,0,2,29,0,1,2,0,0,0,0,2,0.0263594735858806,0,1,2
0,0,38,29,0,3,2,0,0,0,5,2,0.03470936894538315,1,3,2
0,0,0,29,0,1,2,0,0,0,0,2,0.02472223920166441,0,1,2
0,0,25,29,0,1,2,0,0,0,0,2,0.02539350529919305,0,1,2
0,0,22,29,1,3,2,2,0,0,2,2,0.03053442126563188,0,4,4
0,0,14,30,1,1,2,0,0,0,3,2,0.027376196138478852,0,2,2
0,0,97,30,0,1,2,0,0,0,4,2,0.03765639083697229,2,1,2
0,0,94,30,0,2,2,0,0,0,0,2,0.026195750147458983,1,2,2
0,0,130,31,1,2,4,0,0,0,0,2,0.03405447519169668,0,3,4
0,0,61,31,0,2,2,0,0,0,5,2,0.025843744754852502,1,2,2
0,0,92,31,0,4,2,0,0,0,3,2,0.03499588496262098,1,4,2
0,0,1,31,0,1,2,0,0,0,3,2,0.036182879891177716,1,1,2
0,0,38,31,0,2,2,0,0,0,3,2,0.031762347053794014,1,2,2
0,0,1,31,0,1,2,0,0,0,3,2,0.031762347053794014,1,1,2
0,0,0,32,2,2,2,0,0,0,5,2,0.038925247484739835,1,4,2
0,0,7,31,0,2,2,0,0,0,5,2,0.03619925223501988,0,2,2
0,0,0,31,1,5,2,0,0,0,0,2,0.029470218915891355,0,6,2
0,0,27,31,2,2,2,2,0,0,6,2,0.043222987743307316,0,4,4
0,0,0,32,1,0,2,0,0,0,0,2,0.01678001520383169,0,1,2
0,0,113,31,2,5,2,0,0,0,4,2,0.031729602366109694,2,7,2
0,0,113,31,2,5,2,0,0,0,4,2,0.02976492110505027,2,7,2
0,0,23,32,2,2,3,0,0,0,0,2,0.043877881496993794,3,4,3
0,0,151,33,1,2,2,0,0,0,6,2,0.033481443157221014,0,3,2
0,0,151,33,1,2,2,0,0,0,0,2,0.021758844966233117,2,3,2
0,0,22,33,0,1,1,0,0,0,4,2,0.032021030086500174,1,1,1
0,0,37,33,0,3,3,0,0,0,0,2,0.030760359610653713,1,3,3
0,0,32,33,0,2,1,0,0,0,4,2,0.041585753359091135,1,2,1
0,0,12,34,0,2,2,0,0,0,0,2,0.036182879891177716,0,2,2
0,0,0,35,0,1,2,0,0,0,0,2,0.02735654932586826,0,1,2
0,0,217,35,1,2,2,2,0,0,2,2,0.02848787828536164,1,3,4
0,0,25,35,0,2,2,2,0,0,6,2,0.050917989349123394,1,2,4
0,0,69,35,0,2,2,0,0,0,0,2,0.02382667199349816,1,2,2
0,0,18,35,0,2,2,0,0,0,3,2,0.02511026375072365,1,2,2
0,0,15,35,1,1,2,0,0,0,3,2,0.028073657986154948,1,2,2
0,0,95,36,0,3,2,0,0,0,5,2,0.03203576519595812,0,3,2
0,0,219,36,1,3,2,0,0,0,0,2,0.015226279773210531,0,4,2
0,0,219,36,1,3,2,0,0,0,0,2,0.01326159851215111,0,4,2
0,0,219,36,1,3,2,0,0,0,0,2,0.010609278809720887,1,4,2
0,0,1,36,0,1,2,0,0,0,0,2,0.0263594735858806,1,1,2
0,0,1,36,0,1,2,0,0,0,3,2,0.02521340951692927,1,1,2
0,0,16,36,0,2,2,0,0,0,6,2,0.03423457097396046,1,2,2
0,0,1,36,0,1,2,0,0,0,3,2,0.026850643901145457,0,1,2
0,0,50,36,1,4,2,0,0,0,6,2,0.03912990178276685,0,5,2
0,0,61,36,1,1,2,0,0,0,4,2,0.029633942354312975,1,2,2
0,0,237,37,1,0,3,0,0,0,4,2,0.025704579832194128,2,1,3
0,0,211,36,1,1,2,0,1,0,4,2,0.0154554925870008,2,2,3
0,0,228,36,2,2,2,0,0,0,4,2,0.018296094243615883,0,4,2
0,0,54,37,0,1,2,0,0,0,0,2,0.022692068565236343,0,1,2
0,0,205,37,0,3,2,1,0,0,2,2,0.02391999435339848,0,3,3
0,0,71,38,1,1,2,0,0,0,7,2,0.027341814216410312,1,2,2
0,0,10,38,0,2,2,0,1,0,4,2,0.021120323556388803,0,2,3
0,0,145,38,0,3,2,0,0,0,0,2,0.021447770433232042,1,3,2
0,0,55,38,2,1,4,0,0,0,7,2,0.033672999580174306,0,3,4
0,0,35,39,2,0,1,0,0,0,0,2,0.008503795391618874,1,2,1
0,0,146,40,0,1,2,0,0,0,4,3,0.019008291200749924,0,1,2
0,0,146,40,0,1,1,0,0,0,4,3,0.019008291200749924,0,1,1
0,0,146,40,0,1,2,0,0,0,4,3,0.019008291200749924,0,1,2
0,0,146,40,0,1,2,0,0,0,4,3,0.019008291200749924,0,1,2
0,0,146,40,0,1,2,0,0,0,4,3,0.019008291200749924,0,1,2
0,0,146,40,0,1,2,0,0,0,4,3,0.019008291200749924,0,1,2
0,0,0,40,0,1,1,0,0,0,3,2,0.022266387625340136,1,1,1
0,0,12,40,0,1,2,0,0,0,4,2,0.02390362200955632,0,1,2
0,0,12,41,1,0,2,0,0,0,6,2,0.032417240807480485,0,1,2
0,0,0,41,0,1,2,0,0,0,0,2,0.011377141735918278,2,1,2
0,0,0,41,0,1,2,0,0,0,3,2,0.017190961034269956,0,1,2
0,0,0,41,1,2,2,0,0,0,4,2,0.020301706364280712,0,3,2
0,0,59,41,0,1,2,0,0,0,4,2,0.014587758363366218,0,1,2
0,0,17,41,0,2,2,2,0,0,6,2,0.0263594735858806,0,2,4
0,0,100,41,1,3,2,0,0,0,6,2,0.02588467561445791,0,4,2
0,0,12,42,1,1,2,0,0,0,0,2,0.010805746935826829,2,2,2
0,0,2,42,0,1,1,0,0,0,0,2,0.0076884526682792125,1,1,1
0,0,0,42,0,2,2,0,0,0,4,2,0.01571745008847539,0,2,2
0,0,0,42,0,0,2,0,0,0,3,2,0.0,0,0,2
0,0,68,43,1,0,2,0,0,0,0,2,0.008841065674767406,0,1,2
0,0,3,42,2,1,2,0,0,0,3,2,0.014735109457945678,2,3,2
0,0,2,43,1,1,2,0,0,0,0,2,0.006982804648682035,0,2,2
0,0,1,43,0,1,2,0,0,0,0,1,0.006982804648682035,0,1,2
0,0,28,43,0,2,2,0,0,0,0,2,0.0071858217123248426,1,2,2
0,0,28,43,0,2,2,0,0,0,0,2,0.0071858217123248426,1,2,2
0,0,28,43,0,2,2,0,0,0,0,2,0.0071858217123248426,1,2,2
0,0,28,43,0,2,2,0,0,0,0,2,0.0071858217123248426,1,2,2
0,0,28,43,0,2,2,0,0,0,0,2,0.0071858217123248426,1,2,2
0,0,0,44,0,2,2,0,0,0,0,2,0.008215642139996824,0,2,2
0,0,0,45,0,3,2,0,0,0,5,2,0.01571745008847539,0,3,2
0,0,108,45,1,5,2,0,0,0,4,2,0.008426845375560713,0,6,2
0,0,25,46,0,2,2,0,0,1,3,2,0.016372343842161866,1,2,2
0,0,13,46,1,4,2,0,0,0,3,2,0.00605776722159989,0,5,2
0,0,51,46,0,2,3,0,0,0,7,2,0.015226279773210531,1,2,3
0,0,113,47,2,4,2,0,0,0,3,2,0.006174010862879239,1,6,2
0,0,54,47,2,3,2,0,0,0,0,2,0.004747979714226941,0,5,2
0,0,0,49,0,1,2,0,0,0,4,2,0.010314576620561974,0,1,2
0,0,1,49,0,1,2,0,0,0,0,2,0.010805746935826829,0,1,2
0,0,155,50,2,5,2,0,0,0,4,2,0.010118108494456029,2,7,2
0,0,0,51,1,0,2,0,0,0,0,2,0.006730670553512742,1,1,2
0,0,16,51,0,1,1,0,0,0,3,2,0.006876384413707983,0,1,1
0,0,5,52,1,0,2,0,0,0,0,2,0.005748329922983029,1,1,2
0,0,35,52,1,1,1,0,0,0,0,2,0.00491170315264856,0,2,1
0,0,0,52,0,1,2,0,0,0,0,2,0.014735109457945678,0,1,2
0,0,36,53,0,1,2,0,0,0,5,2,0.012279257881621396,0,1,2
0,0,16,53,0,1,1,0,0,0,0,2,0.00982340630529712,1,1,1
0,0,10,53,0,1,2,2,0,0,6,2,0.029470218915891355,0,1,4
0,0,1,1,0,2,2,0,0,0,4,2,0.010478300058983592,1,2,2
0,0,54,53,2,6,2,2,0,0,6,2,0.035241470120253415,0,8,4
0,0,0,2,1,0,2,0,0,0,0,2,0.005638635219240545,0,1,2
0,0,0,2,1,0,2,0,0,0,0,2,0.005073789356685962,0,1,2
0,0,12,2,0,2,2,0,0,0,0,3,0.007858725044237696,2,2,2
0,0,0,4,0,1,1,0,0,0,0,2,0.0006548937536864746,0,1,1
0,0,1,4,0,3,1,0,0,0,0,2,0.005149102138359906,1,3,1
0,0,17,4,0,3,2,0,0,0,0,2,0.007858725044237696,1,3,2
0,0,80,5,1,1,2,0,0,0,3,2,0.011296917251091686,0,2,2
0,0,1,5,0,1,2,0,0,0,5,2,0.009202894473679184,1,1,2
0,0,56,5,0,4,1,0,0,0,0,2,0.004846213777279912,0,4,1
0,0,0,6,0,1,2,0,0,0,4,2,0.011133193812670068,0,1,2
0,0,22,7,1,0,2,2,0,0,2,2,0.011961634411083458,1,1,4
0,0,0,7,0,2,2,0,0,0,0,2,0.008570922001371736,1,2,2
0,0,27,7,0,2,2,2,0,0,6,2,0.015553726650053772,1,2,4
0,0,0,7,0,1,2,0,0,0,3,2,0.011133193812670068,0,1,2
0,0,1,7,0,2,2,0,0,0,3,2,0.011133193812670068,1,2,2
0,0,24,8,1,0,2,0,0,0,3,3,0.007858725044237696,0,1,2
0,0,21,8,1,0,2,0,0,0,4,2,0.01211553444319978,0,1,2
0,0,65,7,2,3,2,0,0,0,0,2,0.007858725044237696,1,5,2
0,0,88,8,1,1,2,2,0,0,6,2,0.01457138601952406,1,2,4
0,0,88,8,1,1,2,2,0,0,6,2,0.013425321950572729,1,2,4
0,0,88,8,1,1,2,2,0,0,6,2,0.01457138601952406,1,2,4
0,0,19,9,1,0,2,0,0,1,5,2,0.014383104065339197,1,1,2
0,0,53,8,2,3,2,2,0,0,6,2,0.014800598833314325,2,5,4
0,0,53,8,2,3,2,0,0,0,4,2,0.01185357694172519,2,5,2
0,0,13,10,2,0,2,0,0,0,4,2,0.01424393914268082,0,2,2
0,0,77,10,0,1,2,0,0,0,4,2,0.008186171921080933,0,1,2
0,0,9,10,0,1,2,0,0,0,0,3,0.010642023497405213,2,1,2
0,0,0,12,1,0,2,0,0,0,5,3,0.016372343842161866,0,1,2
0,0,0,12,1,0,2,0,0,0,5,3,0.016372343842161866,0,1,2
0,0,241,12,2,5,2,0,0,0,3,3,0.006810895038339336,0,7,2
0,0,0,13,0,1,2,0,0,0,5,2,0.016372343842161866,0,1,2
0,0,0,13,0,1,2,0,0,0,5,2,0.016372343842161866,0,1,2
0,0,63,14,0,2,2,0,0,0,0,2,0.00982340630529712,2,2,2
0,0,151,14,0,5,1,0,0,0,0,3,0.006876384413707983,0,5,1
0,0,14,14,0,3,2,0,0,0,4,2,0.01800957822637805,0,3,2
0,0,0,14,0,1,2,0,0,0,4,2,0.01800957822637805,2,1,2
0,0,21,15,0,1,2,0,0,0,4,2,0.016208620403740246,1,1,2
0,0,0,16,1,0,2,0,0,0,3,2,0.016044896965318627,0,1,2
0,0,0,16,0,2,2,0,0,0,0,2,0.014898832896367297,0,2,2
0,0,0,16,0,1,2,0,0,0,0,2,0.013220667652545705,0,1,2
0,0,84,16,1,5,1,0,0,0,4,3,0.018762706043117496,0,6,1
0,0,85,16,1,4,2,0,0,0,4,3,0.01221376850625275,1,5,2
0,0,0,16,1,3,2,0,0,0,0,2,0.01221376850625275,0,4,2
0,0,1,17,0,1,2,0,0,0,4,2,0.0175184079111132,0,1,2
0,0,96,19,2,0,2,0,0,0,4,3,0.018214232524405075,1,2,2
0,0,35,18,2,2,2,0,0,0,6,2,0.022823047315973642,1,4,2
0,0,96,19,2,0,2,0,0,0,4,3,0.019360296593356405,1,2,2
0,0,42,19,0,2,2,0,0,0,3,3,0.017354684472691576,1,2,2
0,0,319,19,2,2,2,0,1,0,0,2,0.009086650832399836,3,4,3
0,0,12,20,0,2,2,0,0,0,0,2,0.013916492265837584,1,2,2
0,0,106,19,2,5,1,0,0,0,5,2,0.01575838094808079,0,7,1
0,0,120,20,1,4,2,0,0,0,3,2,0.016372343842161866,2,5,2
0,0,93,20,0,3,2,0,0,0,2,2,0.02013798292585909,2,3,2
0,0,25,21,0,1,2,0,0,0,3,2,0.012442981320043015,1,1,2
0,0,8,21,0,1,1,0,0,0,4,2,0.011788087566356542,1,1,1
0,0,1,21,0,1,1,0,0,0,0,2,0.013097875073729491,0,1,1
0,0,203,21,0,3,2,0,0,0,0,3,0.009004789113189025,0,3,2
0,0,39,21,1,2,2,0,0,0,2,2,0.01817330166479967,1,3,2
0,0,1,22,0,2,2,0,0,0,0,2,0.016863514157426717,1,2,2
0,0,10,22,1,0,3,1,0,1,7,2,0.029175516726732437,1,1,4
0,0,9,21,2,1,1,1,0,1,4,2,0.0230817303486798,1,3,2
0,0,2,22,2,0,2,0,0,1,4,2,0.026032026709037363,0,2,2
0,0,32,21,2,2,2,2,0,0,6,2,0.02701436733956708,1,4,4
0,0,112,22,2,1,2,0,0,0,4,2,0.019155642295329383,1,3,2
0,0,83,22,0,2,2,0,0,0,0,2,0.022430111063761752,2,2,2
0,0,110,22,0,2,2,0,0,0,4,2,0.017649386661850487,0,2,2
0,0,0,22,0,3,2,0,0,0,3,2,0.015457129821385016,1,3,2
0,0,130,22,1,3,1,0,0,0,0,2,0.019974259487437473,1,4,1
0,0,83,23,0,1,2,0,0,0,0,2,0.01571745008847539,1,1,2
0,0,50,23,0,1,2,0,0,0,4,2,0.02701436733956708,0,1,2
0,0,21,24,0,1,2,0,0,0,0,2,0.02292128137902661,1,1,2
0,0,17,24,0,2,2,2,0,0,6,2,0.038311284590658766,2,2,4
0,0,146,24,0,2,2,0,0,0,4,3,0.02521340951692927,1,2,2
0,0,146,24,0,2,2,0,0,0,4,3,0.023248728255869846,1,2,2
0,0,146,24,0,2,2,0,0,0,4,3,0.02292128137902661,1,2,2
0,0,1,25,0,2,2,0,0,0,0,2,0.01519680955429464,0,2,2
0,0,57,25,0,3,2,0,0,1,6,3,0.04715235026542617,2,3,2
0,0,57,25,0,3,2,2,0,1,2,3,0.04060341272856143,2,3,4
0,0,33,25,0,3,2,0,0,0,2,3,0.030997758596365062,1,3,2
0,0,33,25,0,3,2,2,0,0,2,3,0.029470218915891355,1,3,4
0,0,247,25,1,3,3,0,0,1,7,2,0.03470936894538315,1,4,3
0,0,19,25,1,1,2,0,0,0,4,2,0.025377132955350892,2,2,2
0,0,104,25,2,5,1,0,0,0,0,2,0.01817330166479967,1,7,1
0,0,64,25,2,5,2,0,0,1,0,2,0.031762347053794014,1,7,2
0,0,44,25,2,2,2,0,0,0,0,2,0.021284046994810426,1,4,2
0,0,112,26,0,1,2,1,0,0,0,2,0.01979416370517369,1,1,3
0,0,28,26,0,1,2,0,0,0,0,2,0.020956600117967187,1,1,2
0,0,45,26,0,1,2,0,0,0,0,2,0.0245585157632428,1,1,2
0,0,0,27,1,0,2,0,0,0,0,2,0.019276797639761374,1,1,2
0,0,1,27,1,0,2,0,0,0,5,2,0.028324154846940026,1,1,2
0,0,133,27,1,1,2,0,0,0,4,2,0.027832984531675167,0,2,2
0,0,159,27,2,1,2,0,0,0,3,2,0.01575838094808079,1,3,2
0,0,72,27,0,2,2,0,0,0,3,2,0.02652319702430222,1,2,2
0,0,57,27,0,3,2,0,0,0,6,2,0.03274468768432373,1,3,2
0,0,0,28,1,0,1,0,0,0,6,2,0.026195750147458983,0,1,1
0,0,153,28,2,1,2,0,0,0,0,2,0.01964681261059424,1,3,2
0,0,10,27,2,2,2,0,0,0,3,2,0.0289790486006265,0,4,2
0,0,21,28,0,2,2,0,0,0,0,2,0.027382745076015718,1,2,2
0,0,0,28,0,1,2,0,0,0,3,2,0.01571745008847539,1,1,2
0,0,164,28,2,4,2,0,0,0,4,2,0.03028883610799945,1,6,2
0,0,0,28,0,1,2,0,0,0,0,2,0.023248728255869846,1,1,2
0,0,89,28,0,3,2,0,0,0,3,2,0.03301810582648783,1,3,2
0,0,0,28,0,1,2,1,0,0,0,2,0.024181951854873072,1,1,3
0,0,0,29,1,0,3,0,0,0,0,2,0.026195750147458983,0,1,3
0,0,0,28,2,1,2,0,0,0,3,2,0.02750553765483193,0,3,2
0,0,0,28,2,1,3,0,0,0,3,2,0.03361733361111096,0,3,3
0,0,33,28,2,5,2,0,0,0,5,2,0.03959815081665269,0,7,2
0,0,39,28,2,2,1,1,0,0,0,2,0.03342577718815766,1,4,2
0,0,39,28,2,2,2,1,0,0,0,2,0.036045352202903565,1,4,3
0,0,199,28,2,3,2,0,0,0,0,2,0.0245585157632428,1,5,2
0,0,32,29,0,1,2,0,0,0,0,2,0.031107453300107543,1,1,2
0,0,1,29,0,1,2,0,0,0,5,2,0.03732894396012905,1,1,2
0,0,17,29,0,2,2,0,0,0,3,2,0.02563909045682548,1,2,2
0,0,6,29,0,2,2,0,0,0,0,2,0.02328311017793839,1,2,2
0,0,9,29,0,2,3,0,0,0,0,2,0.03634660332959934,1,2,3
0,0,6,30,0,2,2,0,0,0,4,2,0.037820114275393904,1,2,2
0,0,0,30,1,2,2,0,0,0,0,2,0.01724171530018066,0,3,2
0,0,0,30,1,2,2,0,0,0,0,2,0.016819308829052883,0,3,2
0,0,281,31,2,1,2,2,0,0,2,2,0.02787227815689636,1,3,4
0,0,60,30,2,3,2,0,0,0,5,2,0.04420532837383703,1,5,2
0,0,76,31,0,2,2,0,0,0,3,2,0.040930859605404664,3,2,2
0,0,0,31,0,0,2,0,0,0,0,2,0.0,0,0,2
0,0,112,31,2,3,2,0,0,0,5,2,0.04027596585171818,1,5,2
0,0,117,31,0,4,2,2,0,0,7,2,0.05165474482202068,1,4,4
0,0,29,31,0,2,3,0,0,0,0,2,0.028880814537573532,1,2,3
0,0,3,31,0,2,2,0,0,0,0,2,0.026850643901145457,1,2,2
0,0,2,32,0,1,2,2,0,0,6,2,0.03765639083697229,1,1,4
0,0,27,32,0,2,1,0,0,0,4,2,0.037983837713815534,1,2,1
0,0,27,32,0,2,2,0,0,0,3,2,0.03307213456116696,1,2,2
0,0,3,32,0,1,2,2,0,0,6,2,0.05304639404860444,1,1,4
0,0,27,33,1,0,2,0,0,0,0,2,0.029666687041997295,2,1,2
0,0,6,33,1,1,2,2,0,0,7,2,0.04911703152648559,1,2,4
0,0,220,33,2,1,2,2,0,0,2,2,0.04131233521692703,2,3,4
0,0,212,32,2,4,2,0,0,0,4,2,0.03334555270333107,4,6,2
0,0,212,32,2,4,2,0,0,0,4,2,0.03334555270333107,4,6,2
0,0,212,32,2,4,2,0,0,0,4,2,0.035637680841233726,4,6,2
0,0,173,32,2,4,2,0,0,0,3,2,0.03274468768432373,4,6,2
0,0,5,33,0,1,2,0,0,0,0,2,0.03438192206853991,2,1,2
0,0,77,33,0,2,2,0,0,0,3,2,0.03536426269906963,2,2,2
0,0,35,33,0,2,2,0,0,0,5,2,0.036477582080336635,1,2,2
0,0,77,33,0,2,2,0,0,0,3,2,0.03274468768432373,2,2,2
0,0,19,33,0,2,2,0,0,0,5,2,0.037983837713815534,1,2,2
0,0,6,33,0,2,2,0,0,0,3,2,0.03765639083697229,0,2,2
0,0,24,33,0,1,2,0,0,0,3,2,0.040930859605404664,4,1,2
0,0,176,33,0,2,2,2,0,1,6,2,0.0456788393196316,1,2,4
0,0,28,34,2,0,2,0,0,0,3,2,0.040930859605404664,1,2,2
0,0,194,33,2,2,2,0,0,0,0,2,0.020465429802702332,0,4,2
0,0,64,34,0,4,2,0,0,0,4,2,0.04338671118172894,1,4,2
0,0,49,34,1,2,2,0,0,0,0,2,0.02586666603623153,1,3,2
0,0,30,34,1,1,2,0,0,0,0,2,0.029797665792734587,1,2,2
0,0,92,34,2,4,3,2,0,0,7,2,0.053755316536970035,2,6,5
0,0,125,35,1,1,2,0,0,0,2,2,0.0333995814380102,1,2,2
0,0,125,35,1,1,2,2,0,0,2,2,0.03747465782032429,1,2,4
0,0,21,35,0,2,2,1,0,0,0,2,0.030452559546421062,2,2,3
0,0,45,35,0,2,2,0,0,0,3,2,0.03503681582222639,2,2,2
0,0,126,35,0,5,2,0,0,0,4,2,0.03939185928424144,1,5,2
0,1,0,32,0,1,2,0,0,2,0,2,0.01326159851215111,0,1,2
0,1,1,33,1,0,2,0,0,2,0,0,0.01571745008847539,2,1,2
0,1,5,33,4,15,2,0,0,0,0,2,0.012279257881621396,2,19,2
0,1,39,33,0,2,1,0,0,1,0,3,0.01424393914268082,0,2,1
0,1,3,36,0,1,2,0,0,0,0,0,0.023412451694291462,1,1,2
0,1,82,36,0,1,2,0,0,0,0,2,0.014612316879129462,2,1,2
0,1,0,37,1,1,2,0,0,0,0,0,0.02185707902928609,1,2,2
0,1,52,37,1,1,2,0,0,0,0,2,0.011912517379556974,2,2,2
0,1,8,37,0,2,2,0,0,0,0,2,0.013237039996387864,2,2,2
0,1,0,37,0,3,2,0,0,0,0,0,0.024885962640086037,2,3,2
0,1,0,37,0,3,2,0,0,0,0,0,0.024885962640086037,2,3,2
0,1,17,37,0,2,2,0,0,2,0,2,0.01210243656812605,0,2,2
0,1,34,37,0,3,2,0,0,0,0,0,0.023870877321872003,2,3,2
0,1,18,38,0,3,2,0,0,2,0,2,0.01210243656812605,1,3,2
0,1,12,38,2,7,1,0,0,0,0,2,0.021320066151263174,1,9,1
0,1,12,38,2,7,1,0,0,0,0,2,0.021320066151263174,1,9,1
0,1,15,38,0,2,2,0,0,2,3,0,0.018828195418486144,2,2,2
0,1,23,38,1,4,2,0,0,0,3,2,0.011133193812670068,1,5,2
0,1,42,38,2,4,1,0,0,0,0,2,0.017109099315059148,0,6,1
0,1,32,38,2,2,1,0,0,2,0,0,0.023171778239811685,2,4,1
0,1,41,38,2,3,2,0,0,0,0,2,0.012181023818568427,0,5,2
0,1,32,39,0,4,2,0,0,0,0,2,0.025508111706088184,1,4,2
0,1,62,40,4,5,2,0,0,0,0,0,0.021531269386827062,3,9,2
0,1,42,40,0,1,2,0,0,0,0,2,0.014145705079627853,1,1,2
0,1,51,40,2,6,1,0,0,0,0,2,0.011316564063702279,1,8,1
0,1,27,41,1,0,2,0,0,0,0,2,0.013237039996387864,1,1,2
0,1,28,41,1,0,2,0,0,0,0,0,0.015471864930842962,2,1,2
0,1,93,41,0,4,2,0,0,0,0,2,0.014612316879129462,1,4,2
0,1,45,42,2,2,2,0,0,0,3,2,0.012858838853633928,2,4,2
0,1,57,43,0,1,2,0,0,0,0,0,0.015471864930842962,1,1,2
0,1,62,44,0,1,2,2,0,2,5,0,0.0228394196598158,1,1,4
0,1,233,45,1,1,2,0,0,0,0,3,0.00982340630529712,1,2,2
0,1,6,51,0,2,1,0,0,0,3,2,0.012228503615710696,0,2,1
0,1,10,52,2,2,2,0,0,2,0,2,0.008572559235755952,1,4,2
0,1,4,52,2,5,2,0,0,0,3,2,0.015132957413310213,1,7,2
0,1,21,53,2,2,2,2,0,0,5,2,0.03061628298484268,1,4,4
0,1,0,53,1,0,2,0,0,0,0,2,0.012228503615710696,1,1,2
0,1,30,1,0,2,2,0,0,2,0,2,0.015062556334788915,1,2,2
0,1,0,1,0,1,2,0,0,0,0,2,0.012225229146942265,0,1,2
0,1,2,2,2,0,2,0,0,0,0,2,0.011077527843606716,0,2,2
0,1,1,2,0,1,2,0,0,0,0,3,0.01457138601952406,0,1,2
0,1,23,3,1,0,1,0,0,2,0,2,0.009987129743718737,0,1,1
0,1,23,3,1,0,2,0,0,2,0,2,0.010150853182140356,0,1,2
0,1,9,3,0,2,2,0,0,0,0,2,0.013146992105255977,1,2,2
0,1,11,4,2,0,2,0,0,0,0,2,0.016044896965318627,2,2,2
1,1,11,6,2,5,2,0,0,2,0,2,0.012934151635307872,0,7,2
0,1,53,6,2,3,2,0,0,0,0,2,0.010764816076221423,0,5,2
0,1,31,6,0,1,2,0,0,0,0,2,0.013146992105255977,1,1,2
0,1,31,6,0,1,2,0,0,0,0,2,0.014620503051050544,1,1,2
1,1,9,6,0,1,1,0,0,0,0,2,0.012934151635307872,0,1,1
1,1,35,7,0,3,2,0,0,2,0,2,0.011051332093459258,0,3,2
0,1,37,7,1,2,0,2,0,0,1,2,0.011378778970302495,1,3,2
1,1,22,7,2,2,2,0,0,0,3,2,0.013228853824466784,0,4,2
1,1,1,9,1,0,2,0,0,2,0,2,0.013916492265837584,0,1,2
1,1,10,9,0,3,2,0,0,0,0,2,0.015226279773210531,0,3,2
1,1,4,10,2,1,2,0,0,0,3,2,0.019319365733751,0,3,2
1,1,70,11,0,2,2,0,0,2,0,2,0.011051332093459258,1,2,2
1,1,30,11,0,3,2,2,0,0,1,2,0.012688566477675444,0,3,4
1,1,29,11,0,3,2,2,0,0,1,2,0.012688566477675444,2,3,4
0,1,87,11,1,4,1,0,0,0,0,2,0.008787036940088273,1,5,1
1,1,35,11,0,1,1,0,0,0,0,2,0.011640736471777085,0,1,1
1,1,2,11,0,1,2,0,0,2,0,2,0.01457138601952406,0,1,2
1,1,69,11,1,1,2,2,0,0,5,2,0.024607632794769282,1,2,4
1,1,69,11,1,1,2,2,0,0,5,2,0.024607632794769282,1,2,4
1,1,69,11,1,1,2,0,0,0,0,2,0.011935438660936002,1,2,2
1,1,35,12,1,2,2,0,0,2,0,2,0.011640736471777085,0,3,2
0,1,72,12,0,3,2,0,0,0,0,2,0.013310715543677595,1,3,2
0,1,71,12,0,2,2,0,0,0,1,3,0.011305103423012766,0,2,2
0,1,71,12,0,2,2,0,0,0,1,3,0.011296917251091686,1,2,2
0,1,75,13,1,1,2,0,0,0,1,3,0.012794986712649498,0,2,2
0,1,75,13,1,1,2,0,0,0,1,3,0.012770428196886254,0,2,2
0,1,78,13,1,5,2,2,0,0,5,2,0.0253280159238244,0,6,4
0,1,89,13,2,5,2,0,0,0,0,2,0.013697102858352616,1,7,2
1,1,32,13,0,2,2,0,0,0,3,2,0.024460281700189827,0,2,2
0,1,86,13,2,3,2,0,0,0,0,2,0.015692891572712146,1,5,2
1,1,5,13,2,5,2,0,0,0,3,2,0.02390362200955632,0,7,2
1,1,68,14,4,11,1,0,0,0,0,2,0.012479000476495772,0,15,1
1,1,102,14,2,4,2,0,0,2,0,2,0.013220667652545705,2,6,2
1,1,14,15,2,0,2,0,0,2,0,2,0.01457138601952406,1,2,2
1,1,79,15,2,4,2,0,0,0,3,2,0.015586471337738097,0,6,2
1,1,46,15,1,1,2,0,0,2,0,2,0.017534780254955355,0,2,2
0,1,113,15,1,3,2,0,0,0,0,2,0.010394801105388568,2,4,2
1,1,95,15,0,2,1,0,0,0,0,2,0.011919066317093836,0,2,1
1,1,107,15,0,2,1,0,0,0,0,2,0.013408949606730568,0,2,1
1,1,77,15,2,6,1,0,0,0,0,2,0.013220667652545705,0,8,1
1,1,64,16,1,1,2,0,0,2,0,2,0.015471864930842962,1,2,2
1,1,19,16,2,3,2,0,0,0,3,2,0.021546004496285014,0,5,2
1,1,82,16,2,4,2,0,0,0,3,2,0.01790643246017243,0,6,2
1,1,56,17,2,0,2,0,0,2,0,2,0.014735109457945678,0,2,2
1,1,5,17,0,1,3,1,0,0,4,2,0.03225351736905887,0,1,4
1,1,80,18,2,2,2,2,0,1,5,2,0.02835526230024013,0,4,4
1,1,36,18,0,1,1,0,0,2,0,2,0.01827153572785264,0,1,1
1,1,37,18,2,2,2,0,0,0,0,2,0.02077650433570341,0,4,2
1,1,53,18,0,1,1,0,0,0,0,2,0.019008291200749924,0,1,1
1,1,22,18,1,1,3,0,0,0,3,2,0.028160431408518406,0,2,3
1,1,36,18,2,2,1,0,0,0,3,2,0.022986770754395255,0,4,1
1,1,38,19,1,1,2,0,0,0,0,2,0.022250015281497976,0,2,2
1,1,49,19,2,5,2,0,0,0,0,2,0.01962225409483099,0,7,2
1,1,68,19,2,4,2,1,0,0,0,2,0.02212722270268176,0,6,3
1,1,65,20,1,3,1,0,0,0,3,2,0.02170972793470663,0,4,1
1,1,38,20,0,3,3,0,0,0,3,2,0.02608114374056385,0,3,3
1,1,130,20,1,3,2,0,0,0,3,2,0.018508934713563987,1,4,2
1,1,39,20,1,3,2,0,0,2,0,2,0.019008291200749924,0,4,2
0,1,129,20,1,2,1,0,0,0,3,2,0.019892397768226662,1,3,1
1,1,116,21,0,1,2,0,0,0,0,2,0.017109099315059148,0,1,2
1,1,81,21,0,1,2,0,0,2,0,2,0.019008291200749924,0,1,2
1,1,29,21,2,3,2,0,0,0,3,2,0.021729374747317225,1,5,2
1,1,23,21,1,1,1,0,0,0,3,2,0.02554085639377251,0,2,1
1,1,76,22,1,0,2,0,0,2,0,2,0.019008291200749924,0,1,2
0,1,169,22,0,4,2,0,0,0,3,3,0.0201789137854645,0,4,2
0,1,169,22,0,4,2,0,0,0,3,3,0.0201789137854645,0,4,2
1,1,144,22,2,2,2,0,0,0,3,2,0.019343924249514245,1,4,2
1,1,144,22,2,2,2,2,0,0,5,2,0.029085468835600557,1,4,4
1,1,144,22,2,2,2,2,0,0,5,2,0.029085468835600557,1,4,4
1,1,110,23,0,1,2,1,0,0,0,3,0.023428824038133626,0,1,3
1,1,37,23,1,1,2,0,0,0,3,2,0.02151325980860069,0,2,2
1,1,31,24,0,2,2,0,0,0,0,2,0.018124184633273185,1,2,2
1,1,32,24,0,4,2,2,0,0,5,2,0.031385783145424284,0,4,4
1,1,16,24,0,1,2,2,0,0,5,2,0.036182879891177716,0,1,4
1,1,53,25,1,0,2,0,0,0,3,2,0.021153068244073127,1,1,2
1,1,154,25,2,1,2,2,0,0,5,2,0.031091080956265383,0,3,4
1,1,153,25,2,1,2,2,0,0,5,2,0.031091080956265383,0,3,4
1,1,146,25,2,1,2,2,0,0,5,2,0.029175516726732437,3,3,4
1,1,160,25,2,2,2,0,0,0,1,3,0.016899533313879476,1,4,2
1,1,159,25,2,2,2,0,0,0,1,3,0.01689789607949526,0,4,2
1,1,120,25,1,0,2,0,0,0,3,3,0.022986770754395255,0,1,2
1,1,28,26,0,1,3,0,0,0,3,2,0.02406734544797794,2,1,3
1,1,28,26,0,1,2,0,0,0,3,2,0.020629153241123948,1,1,2
1,1,37,27,2,1,2,1,0,0,0,2,0.01888058691878106,0,3,3
1,1,59,27,1,2,2,0,0,2,0,2,0.016552439624425642,0,3,2
1,1,59,27,1,2,2,0,0,2,0,2,0.016552439624425642,0,3,2
1,1,129,27,1,4,2,0,0,2,0,2,0.013220667652545705,1,5,2
1,1,89,27,1,5,3,0,0,0,3,2,0.0235270581011866,0,6,3
1,1,90,27,1,5,2,0,0,0,0,2,0.01871358901159101,0,6,2
1,1,123,27,2,6,3,0,0,0,0,2,0.02076995539816654,0,8,3
0,1,206,27,1,3,2,0,0,0,4,2,0.016671957734473424,0,4,2
1,1,113,27,2,6,3,0,0,0,3,2,0.02268388239331526,0,8,3
1,1,81,28,2,1,2,0,0,2,0,2,0.016945375876637532,1,3,2
1,1,101,28,2,5,1,0,0,2,0,2,0.016945375876637532,0,7,1
1,1,2,28,1,0,2,0,0,0,0,2,0.01906559440419749,0,1,2
1,1,23,28,0,2,1,0,0,0,0,2,0.023739898571134704,0,2,1
1,1,11,28,2,6,1,0,0,0,0,2,0.023739898571134704,0,8,1
1,1,24,28,1,3,2,0,0,0,4,2,0.03061628298484268,0,4,2
1,1,10,28,0,1,2,0,0,0,3,2,0.016293756591719485,0,1,2
1,1,113,29,1,0,2,0,0,2,0,2,0.016945375876637532,0,1,2
1,1,126,29,1,2,2,0,0,2,0,3,0.011971457817388757,0,3,2
1,1,128,29,1,2,3,0,0,0,0,3,0.023035887785921742,0,3,3
1,1,60,29,1,4,2,0,0,0,3,2,0.01974504667364721,0,5,2
1,1,60,29,0,1,2,0,0,0,0,2,0.017240078065796444,0,1,2
1,1,92,29,0,2,2,2,0,0,5,2,0.029028165632152988,0,2,4
1,1,99,29,2,1,2,0,0,2,0,2,0.015471864930842962,1,3,2
1,1,134,30,1,0,2,0,0,2,0,2,0.015471864930842962,1,1,2
1,1,68,31,2,1,2,1,0,0,0,2,0.019892397768226662,0,3,3
1,1,131,31,1,1,1,1,0,1,0,2,0.026891574760750863,0,2,2
1,1,61,31,0,2,2,0,0,2,0,2,0.015471864930842962,0,2,2
1,1,0,32,1,0,2,0,0,2,0,2,0.01784585478795643,1,1,2
1,1,119,32,2,2,1,0,0,0,3,2,0.02364985068000281,0,4,1
1,1,116,32,2,5,3,0,0,0,3,2,0.02380702518088756,0,7,3
1,1,34,33,0,1,3,0,0,0,3,2,0.02755465468635842,0,1,3
1,1,34,33,0,1,2,0,0,0,3,2,0.024460281700189827,0,1,2
1,1,151,33,1,1,2,0,0,2,0,2,0.016945375876637532,0,2,2
1,1,143,33,1,1,2,0,0,0,0,2,0.01871358901159101,0,2,2
1,1,151,33,1,1,2,0,0,2,0,2,0.016945375876637532,0,2,2
1,1,143,33,1,1,2,0,0,0,0,2,0.01871358901159101,0,2,2
1,1,125,34,1,1,3,0,0,0,3,2,0.022544717470656884,1,2,3
1,1,94,35,0,4,2,0,0,0,3,2,0.02151325980860069,0,4,2
1,1,54,35,0,1,2,0,0,2,0,2,0.02048180214654449,0,1,2
1,1,127,35,0,2,3,0,0,0,3,2,0.021071206524862315,0,2,3
1,1,105,35,1,2,3,0,0,0,3,2,0.024607632794769282,0,3,3
1,1,105,35,1,2,2,0,0,0,3,2,0.02151325980860069,0,3,2
1,1,176,35,1,1,2,0,0,0,0,2,0.015766567120001875,0,2,2
1,1,52,35,2,1,3,0,0,0,3,2,0.024705866857822254,1,3,3
1,1,84,36,2,1,3,0,0,0,3,2,0.02608114374056385,0,3,3
1,1,50,36,0,1,2,0,0,2,0,2,0.016208620403740246,0,1,2
1,1,193,36,0,1,2,0,0,0,0,2,0.01782948244411427,1,1,2
1,1,29,37,2,0,2,0,0,0,3,2,0.021308605510573668,1,2,2
1,1,12,37,2,0,2,0,0,0,3,2,0.02521340951692927,0,2,2
1,1,62,37,2,2,2,0,0,0,1,2,0.015755106479312362,0,4,2
1,1,62,37,2,2,0,2,0,0,1,2,0.015755106479312362,0,4,2
1,1,243,37,4,6,1,0,0,0,0,2,0.014599219004055737,0,10,1
1,1,11,37,1,1,2,0,0,0,3,2,0.02521340951692927,0,2,2
1,1,49,37,1,2,1,0,0,0,3,2,0.018910057137696952,1,3,1
1,1,57,37,0,1,2,0,0,2,0,2,0.01429305617420731,3,1,2
1,1,25,37,0,1,2,0,0,2,0,2,0.0173874291603759,0,1,2
1,1,25,37,0,1,1,0,0,2,0,2,0.0173874291603759,0,1,1
1,1,56,38,2,1,2,0,0,2,0,2,0.02048180214654449,0,3,2
1,1,61,38,1,1,2,0,0,2,0,2,0.02048180214654449,0,2,2
1,1,198,38,0,1,2,0,0,2,0,2,0.019008291200749924,3,1,2
1,1,205,38,0,1,2,0,0,2,0,2,0.019008291200749924,0,1,2
1,1,2,38,0,1,2,0,0,0,0,2,0.02766926109325355,0,1,2
1,1,5,38,0,1,2,0,0,2,0,2,0.026032026709037363,1,1,2
1,1,255,39,0,4,2,0,0,0,3,2,0.020110149941327416,0,4,2
1,1,14,39,0,1,1,0,0,0,3,2,0.03012511266957783,2,1,1
1,1,14,39,0,1,1,0,0,0,3,2,0.03012511266957783,2,1,1
1,1,14,39,0,1,1,0,0,0,3,2,0.03012511266957783,2,1,1
1,1,12,40,2,0,2,0,0,0,0,2,0.024394792324821182,0,2,2
1,1,13,40,2,0,2,0,0,0,0,2,0.024394792324821182,0,2,2
1,1,44,40,2,1,2,0,0,0,3,2,0.024460281700189827,0,3,2
1,1,253,40,1,2,1,0,0,0,0,2,0.0003274468768432373,0,3,1
1,1,253,40,1,2,1,0,0,0,0,2,0.0003274468768432373,0,3,1
0,1,274,40,0,2,2,0,0,0,3,2,0.018860940106170468,1,2,2
1,1,2,40,0,1,2,0,0,2,0,2,0.0,1,1,2
1,1,47,41,2,0,1,0,0,0,0,2,0.020792876679545567,1,2,1
1,1,39,41,2,0,1,0,0,0,0,2,0.021938940748496897,1,2,1
1,1,26,41,2,1,1,0,0,0,0,2,0.02406734544797794,0,3,1
1,1,26,41,2,1,1,0,0,0,0,2,0.02406734544797794,0,3,1
1,1,31,41,2,1,1,0,0,2,0,2,0.01871358901159101,1,3,1
1,1,122,41,0,1,2,0,0,2,0,2,0.017682131349534815,1,1,2
1,1,196,41,1,1,2,0,0,0,3,2,0.020039748862806118,0,2,2
1,1,205,41,1,1,2,0,0,2,0,2,0.016061269309160787,0,2,2
1,1,35,42,0,3,2,0,0,0,3,2,0.024804100920875226,1,3,2
1,1,99,42,0,4,2,0,0,0,5,2,0.030649027672527012,0,4,2
1,1,97,42,1,4,2,0,0,0,5,2,0.028946303912942176,0,5,2
1,1,59,42,0,3,2,0,0,0,3,2,0.021071206524862315,0,3,2
1,1,54,42,0,3,2,0,0,0,3,2,0.0228394196598158,3,3,2
1,1,32,42,2,1,2,0,0,0,3,2,0.026413502320559737,0,3,2
1,1,103,43,1,4,2,0,0,0,0,2,0.01945034448448829,3,5,2
1,1,46,44,0,3,2,0,0,2,0,2,0.01844671980696377,1,3,2
1,1,30,45,4,9,1,2,0,0,5,2,0.030488578702873824,0,13,3
1,1,30,45,4,9,1,2,0,0,5,2,0.030488578702873824,1,13,3
1,1,30,45,4,9,1,2,0,0,5,2,0.030488578702873824,1,13,3
1,1,74,45,2,6,2,0,0,0,3,2,0.025458994674561697,0,8,2
1,1,76,46,1,0,2,0,0,2,0,2,0.0129668963229922,2,1,2
1,1,68,46,1,3,1,0,0,0,4,2,0.0360191564527561,2,4,1
1,1,109,46,0,4,1,0,0,0,4,2,0.03536426269906963,1,4,1
1,1,17,46,0,4,2,0,0,0,4,2,0.02926556461786433,0,4,2
1,1,28,46,1,2,3,0,0,0,3,2,0.027287785481731174,0,3,3
1,1,20,46,2,5,2,0,0,2,0,2,0.012722948399743984,0,7,2
1,1,131,47,2,4,2,0,0,2,0,2,0.01396069759421142,1,6,2
1,1,49,47,2,5,2,0,0,2,0,2,0.012246513193937074,0,7,2
1,1,37,49,2,2,2,0,0,2,0,2,0.012246513193937074,1,4,2
1,1,37,49,2,2,2,0,0,2,0,2,0.012246513193937074,1,4,2
1,1,31,50,5,10,1,0,0,2,0,2,0.014311065752433684,2,15,1
1,1,0,50,4,7,2,0,0,2,0,2,0.011665294987540329,0,11,2
1,1,58,51,1,0,2,0,0,2,0,2,0.0129668963229922,0,1,2
1,1,18,51,2,2,2,0,0,2,0,2,0.012246513193937074,0,4,2
1,1,88,51,2,5,3,0,0,0,3,2,0.01948308917217262,1,7,3
1,1,220,52,1,4,3,0,0,0,3,2,0.01711728548698023,0,5,3
1,1,84,52,0,1,2,0,0,2,0,2,0.0129668963229922,0,1,2
1,1,84,52,0,1,2,1,0,0,0,2,0.019974259487437473,0,1,3
1,1,89,52,2,3,3,0,0,0,3,2,0.01948308917217262,1,5,3
1,1,89,52,2,3,2,0,0,2,0,2,0.012246513193937074,1,5,2
1,1,94,52,2,2,3,0,0,0,3,2,0.01948308917217262,1,4,3
1,1,94,52,2,2,3,0,0,0,3,2,0.01948308917217262,1,4,3
1,1,20,53,2,0,2,0,0,2,0,2,0.01440766258110244,2,2,2
1,1,223,53,2,5,2,0,0,0,0,2,0.011311652360549632,0,7,2
1,1,223,53,2,5,2,0,0,0,0,2,0.011311652360549632,0,7,2
1,1,237,53,2,5,2,0,0,0,0,2,0.015645411775569874,0,7,2
1,1,237,53,2,5,2,1,0,0,0,2,0.013140443167719113,0,7,3
1,1,237,53,2,5,2,2,0,0,5,2,0.024273636980389174,0,7,4
1,1,28,1,0,1,1,0,0,0,0,2,0.01571745008847539,3,1,1
1,1,195,1,0,4,2,0,0,2,0,2,0.012246513193937074,0,4,2
1,1,75,1,1,1,1,0,0,0,0,2,0.014145705079627853,1,2,1
1,1,12,2,2,6,3,0,0,0,4,2,0.018710314542822574,2,8,3
1,1,21,3,1,5,2,0,0,0,3,2,0.015579922400201231,0,6,2
1,1,22,3,1,5,2,0,0,0,3,2,0.016247914028961433,0,6,2
1,1,69,4,0,2,2,0,0,2,0,2,0.01440766258110244,0,2,2
1,1,30,4,2,1,2,1,0,0,0,2,0.01970084134527337,0,3,3
1,1,65,5,0,1,2,0,0,0,0,2,0.015324513836263503,1,1,2
1,1,28,6,1,2,3,0,0,0,3,2,0.026195750147458983,0,3,3
1,1,76,7,1,3,2,0,0,0,0,2,0.014473151956471088,0,4,2
1,1,32,8,2,4,1,0,0,0,3,2,0.01642146087368835,1,6,1
1,1,29,9,2,2,2,0,0,0,3,2,0.01642146087368835,0,4,2
1,1,58,10,2,0,2,0,0,2,0,2,0.0129668963229922,0,2,2
1,1,82,10,2,4,2,0,0,0,0,2,0.015029811647104591,0,6,2
1,1,104,10,0,2,2,0,0,0,0,2,0.01591391821458133,0,2,2
1,1,6,10,2,3,1,0,0,0,4,2,0.024885962640086037,0,5,1
1,1,45,10,1,1,2,2,0,0,5,2,0.032417240807480485,0,2,4
1,1,15,10,2,1,2,0,0,0,3,2,0.019864564783694992,0,3,2
1,1,43,10,2,3,2,0,0,0,3,2,0.01642146087368835,1,5,2
1,1,45,11,0,1,2,0,0,0,0,2,0.01591391821458133,0,1,2
1,1,72,11,0,1,2,2,0,0,5,2,0.026228494835143303,0,1,4
1,1,110,11,1,1,2,0,0,0,3,2,0.0173874291603759,2,2,2
1,1,28,12,0,4,3,0,0,0,4,2,0.020945139477277674,1,4,3
1,1,20,12,1,4,2,2,0,0,5,2,0.03274468768432373,0,5,4
1,1,31,12,1,1,2,2,0,0,5,2,0.032417240807480485,0,2,4
1,1,112,13,1,0,2,0,0,2,0,2,0.0129668963229922,2,1,2
1,1,106,13,0,5,2,0,0,2,0,2,0.013038934635897708,2,5,2
1,1,52,13,0,2,2,0,0,2,0,2,0.014440407268786763,0,2,2
1,1,208,13,2,1,2,0,0,2,0,2,0.016208620403740246,2,3,2
1,1,169,14,1,4,2,0,0,0,0,2,0.019155642295329383,0,5,2
1,1,111,14,2,6,2,0,0,0,3,2,0.022287671672334943,0,8,2
1,1,52,15,2,0,2,0,0,2,0,2,0.017682131349534815,0,2,2
1,1,52,15,2,0,2,0,0,2,0,2,0.017682131349534815,0,2,2
1,1,202,15,2,1,3,0,0,0,3,2,0.02717809077798869,0,3,3
1,1,202,15,2,1,2,2,0,0,1,2,0.037492667398550665,0,3,4
1,1,55,15,2,3,1,0,0,0,0,2,0.019155642295329383,0,5,1
1,1,10,15,1,1,2,0,0,2,0,2,0.018828195418486144,1,2,2
1,1,11,15,1,2,2,0,0,2,0,2,0.02264786323686251,0,3,2
1,1,60,15,0,1,2,2,0,0,5,2,0.03765639083697229,0,1,4
1,1,4,15,1,1,2,0,0,2,0,2,0.025377132955350892,0,2,2
1,1,196,16,2,1,2,0,0,2,0,2,0.016208620403740246,1,3,2
1,1,34,16,1,1,1,0,0,0,0,2,0.021120323556388803,0,2,1
1,1,144,16,1,3,2,0,0,2,0,2,0.016208620403740246,0,4,2
1,1,15,16,1,4,2,0,0,2,0,2,0.018828195418486144,1,5,2
1,1,59,16,0,2,2,2,0,0,5,2,0.03912990178276685,0,2,4
1,1,90,16,0,5,2,0,0,0,3,2,0.02210266418691852,1,5,2
1,1,316,16,0,1,2,0,0,0,0,2,0.017976833538693726,0,1,2
1,1,316,16,0,1,2,0,0,0,0,2,0.01530814149242134,0,1,2
1,1,316,16,0,1,2,0,0,0,0,2,0.01530814149242134,0,1,2
1,1,316,16,0,1,2,0,0,0,0,2,0.017976833538693726,0,1,2
1,1,54,17,2,1,3,0,0,0,3,2,0.027996707970096787,0,3,3
1,1,37,17,1,2,2,2,0,0,5,2,0.03667405020644258,0,3,4
1,1,58,17,0,3,3,0,0,0,4,2,0.032417240807480485,0,3,3
1,1,78,17,0,1,2,0,0,2,0,2,0.017682131349534815,0,1,2
1,1,134,17,2,2,2,2,0,0,5,2,0.03131210759813456,2,4,4
1,1,10,17,0,1,2,0,0,0,3,2,0.031107453300107543,2,1,2
1,1,26,17,1,1,2,0,0,2,0,2,0.018828195418486144,1,2,2
1,1,63,18,1,0,2,0,0,0,0,2,0.023576175132713085,0,1,2
1,1,43,18,1,1,2,0,0,2,0,2,0.024394792324821182,0,2,2
1,1,228,18,1,2,2,0,0,2,0,2,0.016208620403740246,1,3,2
1,1,148,18,1,2,2,0,0,2,0,2,0.017682131349534815,1,3,2
1,1,228,18,1,2,2,0,0,2,0,2,0.01800957822637805,1,3,2
1,1,61,18,1,2,2,0,0,2,0,2,0.020629153241123948,0,3,2
1,1,5,18,1,2,1,0,0,2,4,2,0.031107453300107543,1,3,1
1,1,12,18,1,2,1,0,0,0,4,2,0.000982340630529712,0,3,1
1,1,327,18,0,2,1,0,0,2,0,2,0.016208620403740246,0,2,1
1,1,327,18,0,2,1,0,0,2,0,2,0.016208620403740246,0,2,1
1,1,102,18,0,4,1,0,0,2,0,2,0.01817330166479967,1,4,1
1,1,40,18,0,4,2,0,0,2,0,2,0.024394792324821182,0,4,2
1,1,82,18,0,3,2,0,0,2,0,2,0.017682131349534815,0,3,2
1,1,82,18,0,3,2,0,0,2,0,2,0.017682131349534815,0,3,2
1,1,9,18,0,4,2,0,0,2,0,2,0.0245585157632428,1,4,2
1,1,83,18,0,4,2,0,0,0,3,2,0.02210266418691852,0,4,2
1,1,60,18,0,1,1,0,0,2,0,2,0.020629153241123948,0,1,1
1,1,40,19,2,1,2,0,0,2,0,2,0.024394792324821182,0,3,2
1,1,83,19,1,2,3,0,0,0,3,2,0.027996707970096787,0,3,3
1,1,316,19,0,2,3,0,0,0,3,2,0.02328147294355417,1,2,3
1,1,15,19,0,3,2,0,0,0,3,2,0.029470218915891355,2,3,2
1,1,57,19,0,1,2,0,0,2,0,2,0.021955313092339057,0,1,2
1,1,57,19,0,1,2,0,0,0,0,2,0.024902334983928198,1,1,2
1,1,34,19,0,1,2,0,0,0,0,2,0.02766926109325355,1,1,2
1,1,196,19,0,2,2,0,0,0,3,2,0.02350249958542336,2,2,2
1,1,196,19,0,2,2,0,0,0,3,2,0.02350249958542336,2,2,2
1,1,324,19,0,1,2,0,0,2,0,2,0.016208620403740246,3,1,2
1,1,78,19,0,2,2,0,0,0,3,2,0.025049686078507653,0,2,2
1,1,78,19,0,2,2,0,0,0,3,2,0.025049686078507653,0,2,2
1,1,91,19,1,3,2,0,0,2,0,2,0.020833807539150973,1,4,2
1,1,156,19,1,2,1,0,0,0,0,2,0.021415025745547718,0,3,1
1,1,156,19,1,2,1,0,0,0,0,2,0.01910161356065025,0,3,1
1,1,88,19,1,2,3,0,0,0,3,2,0.029961389231156214,0,3,3
1,1,224,20,1,0,2,0,0,2,0,2,0.017534780254955355,1,1,2
1,1,104,20,0,3,1,0,0,2,0,2,0.019155642295329383,0,3,1
1,1,13,20,0,5,2,0,0,0,3,2,0.029797665792734587,2,5,2
1,1,13,20,0,5,2,0,0,0,3,2,0.029797665792734587,2,5,2
1,1,79,20,2,4,2,0,0,2,0,2,0.02210266418691852,0,6,2
1,1,151,20,0,1,2,0,0,0,0,2,0.02292128137902661,1,1,2
1,1,151,20,0,1,2,0,0,0,0,2,0.02292128137902661,1,1,2
1,1,24,20,0,2,2,0,0,2,0,2,0.020956600117967187,1,2,2
1,1,77,20,2,1,2,0,0,2,0,2,0.023576175132713085,0,3,2
1,1,18,21,1,0,2,0,0,0,4,2,0.03192607049221564,0,1,2
1,1,28,21,1,2,1,0,0,2,0,2,0.026195750147458983,1,3,1
1,1,23,21,0,1,2,0,0,2,0,2,0.026195750147458983,1,1,2
1,1,124,21,0,1,1,0,0,2,0,2,0.017682131349534815,0,1,1
1,1,283,21,1,1,2,0,0,1,0,2,0.02077650433570341,2,2,2
1,1,127,21,2,2,2,0,0,0,0,2,0.020629153241123948,1,4,2
1,1,87,22,0,3,2,0,0,2,0,2,0.021393741698552904,0,3,2
1,1,25,22,0,1,2,0,0,0,0,2,0.026195750147458983,1,1,2
1,1,80,22,0,2,2,0,0,2,0,2,0.020629153241123948,0,2,2
1,1,31,22,0,2,2,0,0,2,0,2,0.02292128137902661,1,2,2
1,1,16,22,0,1,2,0,0,2,0,2,0.02292128137902661,1,1,2
1,1,43,22,2,5,2,0,0,2,0,2,0.02292128137902661,1,7,2
1,1,40,23,1,4,2,0,0,0,4,2,0.03208979393063725,2,5,2
1,1,34,23,1,5,1,0,0,2,0,2,0.021284046994810426,1,6,1
1,1,38,23,0,2,2,1,0,0,0,2,0.026195750147458983,1,2,3
1,1,31,23,0,3,2,0,0,2,0,2,0.024013316713298802,1,3,2
1,1,31,24,2,1,2,0,0,0,0,2,0.020738847944866436,1,3,2
1,1,156,24,0,2,2,0,0,2,0,2,0.020629153241123948,1,2,2
1,1,134,24,2,4,2,0,0,2,0,2,0.017682131349534815,0,6,2
1,1,51,25,0,2,3,0,0,0,4,2,0.03274468768432373,1,2,3
1,1,51,25,0,2,2,0,0,0,4,2,0.03929362522118848,1,2,2
1,1,19,25,0,4,2,2,0,0,5,2,0.040930859605404664,1,4,4
1,1,51,25,0,4,2,0,0,2,0,2,0.02210266418691852,1,4,2
1,1,51,25,0,4,2,0,0,2,0,2,0.02210266418691852,1,4,2
1,1,139,25,0,3,2,0,0,0,3,2,0.020629153241123948,1,3,2
1,1,64,26,1,0,3,0,0,0,5,2,0.04338671118172894,0,1,3
1,1,25,26,0,2,2,0,0,0,4,2,0.02292128137902661,0,2,2
1,1,14,26,0,1,2,0,0,0,3,2,0.019352110421435326,0,1,2
1,1,272,26,0,3,3,0,0,0,3,2,0.024460281700189827,1,3,3
1,1,272,26,0,3,2,0,0,0,0,2,0.019155642295329383,1,3,2
1,1,36,26,0,1,2,0,0,2,0,2,0.026195750147458983,1,1,2
1,1,0,26,0,2,2,0,0,0,0,3,0.019155642295329383,1,2,2
1,1,0,26,0,2,3,0,0,0,3,3,0.024460281700189827,1,2,3
1,1,185,26,0,3,2,2,0,0,5,2,0.031549506583845914,0,3,4
1,1,125,26,0,3,1,0,0,0,0,2,0.015668333056948903,0,3,1
1,1,125,26,0,3,2,0,0,0,3,2,0.019352110421435326,0,3,2
1,1,96,26,2,3,1,0,0,2,0,2,0.01964681261059424,0,5,1
1,1,39,27,2,0,2,0,0,0,3,2,0.02275755794060499,0,2,2
1,1,112,27,1,2,2,2,0,0,5,2,0.03765639083697229,0,3,4
1,1,155,27,1,3,3,0,0,0,3,2,0.024902334983928198,0,4,3
1,1,195,27,0,4,3,0,0,0,3,2,0.0242146965425574,0,4,3
1,1,225,27,1,4,1,0,0,0,0,2,0.016355971498319702,0,5,1
1,1,223,27,1,4,2,0,0,2,0,2,0.014587758363366218,0,5,2
1,1,78,27,0,3,2,0,0,2,0,2,0.01964681261059424,1,3,2
1,1,315,27,0,1,2,0,0,0,1,2,0.015037997819025671,3,1,2
1,1,315,27,0,1,2,0,0,2,0,2,0.014587758363366218,2,1,2
1,1,315,27,0,1,0,2,0,0,1,2,0.015037997819025671,2,1,2
1,1,315,27,0,1,2,0,0,0,1,2,0.015037997819025671,3,1,2
1,1,315,27,0,1,0,2,0,0,1,2,0.015037997819025671,2,1,2
1,1,315,27,0,1,0,2,0,0,1,2,0.015037997819025671,2,1,2
1,1,315,27,0,1,2,0,0,0,1,2,0.015037997819025671,3,1,2
1,1,99,27,1,1,2,0,0,2,0,2,0.01964681261059424,1,2,2
1,1,140,27,2,1,3,0,0,1,4,2,0.029028165632152988,0,3,3
1,1,134,27,2,2,2,0,0,2,0,2,0.013128982527029598,0,4,2
1,1,134,27,2,2,2,0,0,2,0,2,0.013128982527029598,0,4,2
1,1,134,27,2,2,2,0,0,0,4,2,0.021085941634320263,0,4,2
1,1,146,27,2,3,2,0,0,0,3,2,0.019008291200749924,0,5,2
1,1,153,28,1,0,2,0,0,2,0,2,0.014587758363366218,0,1,2
1,1,34,28,2,2,2,0,0,2,0,2,0.021284046994810426,1,4,2
1,1,34,28,2,2,2,0,0,2,0,2,0.021284046994810426,1,4,2
1,1,56,28,1,1,2,1,0,0,0,2,0.026195750147458983,1,2,3
1,1,238,28,2,4,2,0,0,0,3,2,0.020110149941327416,2,6,2
1,1,138,29,2,0,2,0,0,2,0,2,0.017682131349534815,0,2,2
1,1,155,29,1,1,2,0,0,0,3,2,0.024902334983928198,0,2,2
1,1,155,29,1,1,2,0,0,2,0,2,0.014587758363366218,1,2,2
1,1,155,29,1,1,3,0,0,2,0,2,0.014587758363366218,0,2,3
1,1,7,29,1,1,3,0,0,0,3,2,0.03438192206853991,0,2,3
1,1,155,29,1,1,2,1,0,0,0,2,0.02048180214654449,1,2,3
1,1,176,29,0,1,1,0,0,0,0,2,0.016061269309160787,0,1,1
1,1,173,29,0,3,2,0,0,2,0,2,0.014587758363366218,0,3,2
1,1,31,29,0,3,2,0,0,2,0,2,0.02292128137902661,1,3,2
1,1,61,29,1,1,2,0,0,0,3,2,0.0228394196598158,0,2,2
1,1,150,29,1,1,3,0,0,0,3,2,0.028733463442994076,0,2,3
1,1,150,29,2,1,3,0,0,0,3,2,0.028733463442994076,0,3,3
1,1,150,29,2,1,2,0,0,0,4,2,0.027259952497199504,0,3,2
1,1,150,29,2,1,3,0,0,0,3,2,0.028733463442994076,0,3,3
1,1,53,29,2,1,3,0,0,0,4,2,0.03590946174901362,0,3,3
1,1,56,30,1,4,2,0,0,2,0,2,0.02089111074259854,0,5,2
1,1,56,30,1,4,2,0,0,2,0,2,0.02089111074259854,0,5,2
1,1,106,30,0,1,2,0,0,2,0,2,0.020465429802702332,0,1,2
1,1,4,30,0,2,2,0,0,2,0,2,0.026195750147458983,0,2,2
1,1,80,30,0,4,2,2,0,1,5,2,0.04698862682700455,1,4,4
1,1,45,31,2,1,1,0,0,2,0,2,0.021120323556388803,0,3,1
1,1,302,31,1,2,2,0,0,2,0,2,0.014587758363366218,1,3,2
1,1,302,31,1,2,2,0,0,2,0,2,0.014587758363366218,1,3,2
1,1,302,31,1,2,2,0,0,2,0,2,0.014587758363366218,1,3,2
1,1,302,31,1,2,2,0,0,2,0,2,0.014587758363366218,1,3,2
1,1,302,31,1,2,2,0,0,2,0,2,0.014587758363366218,1,3,2
1,1,302,31,1,2,2,0,0,2,0,2,0.014587758363366218,1,3,2
1,1,92,31,0,3,2,0,0,2,0,2,0.020465429802702332,2,3,2
1,1,41,31,0,1,1,0,0,2,0,2,0.020629153241123948,0,1,1
1,1,191,31,1,1,2,0,0,0,3,2,0.0228394196598158,0,2,2
1,1,170,31,1,1,2,0,0,0,3,2,0.0228394196598158,0,2,2
1,1,191,31,1,1,2,0,0,0,3,2,0.0228394196598158,0,2,2
1,1,138,31,1,1,1,0,0,0,3,2,0.024108276307583342,0,2,1
1,1,191,31,1,1,2,0,0,0,3,2,0.0228394196598158,0,2,2
1,1,140,31,2,1,2,1,0,0,0,2,0.02521340951692927,0,3,3
1,1,19,31,2,2,3,0,0,0,4,2,0.04256809398962085,1,4,3
1,1,185,32,2,2,2,2,0,0,5,2,0.03847500802908038,0,4,4
1,1,168,32,4,10,1,0,0,0,0,2,0.01961897962606256,1,14,1
1,1,172,32,4,10,2,0,0,2,0,2,0.018553140041937824,0,14,2
1,1,172,32,4,10,3,0,0,0,3,2,0.02846004530082997,0,14,3
1,1,172,32,4,10,1,0,0,0,0,2,0.02109249057185713,1,14,1
1,1,158,32,0,2,2,0,0,2,0,2,0.019442158312567213,1,2,2
1,1,28,32,0,3,2,0,0,2,0,2,0.026195750147458983,1,3,2
1,1,128,32,0,4,2,0,0,2,0,2,0.020465429802702332,1,4,2
1,1,128,32,0,4,2,2,0,0,5,2,0.03847500802908038,1,4,4
1,1,128,32,0,4,3,0,0,0,3,2,0.03192607049221564,1,4,3
1,1,128,32,0,4,2,0,0,2,0,2,0.020465429802702332,1,4,2
1,1,27,32,0,1,2,0,0,2,0,2,0.026195750147458983,1,1,2
1,1,197,32,2,1,2,0,0,0,0,2,0.018418886822432097,0,3,2
1,1,197,32,2,1,2,0,0,0,0,2,0.018418886822432097,0,3,2
1,1,251,32,2,1,2,0,0,2,0,2,0.018418886822432097,2,3,2
1,1,78,33,0,2,2,2,0,0,5,2,0.03929362522118848,2,2,4
1,1,182,33,0,1,2,2,0,0,5,2,0.03847500802908038,0,1,4
1,1,195,33,0,3,2,2,0,0,5,2,0.03847500802908038,0,3,4
1,1,85,33,0,2,1,0,0,0,3,2,0.031107453300107543,2,2,1
1,1,207,33,0,3,3,0,0,0,3,2,0.027456420623305444,0,3,3
1,1,214,33,2,2,2,0,0,0,3,2,0.021411751276779287,0,4,2
1,1,214,33,2,3,3,0,0,0,3,2,0.02546226914333013,0,5,3
1,1,45,33,0,1,2,0,0,2,0,2,0.02292128137902661,0,1,2
1,1,195,33,2,1,2,0,0,2,0,2,0.015668333056948903,0,3,2
1,1,195,33,2,1,3,0,0,0,3,2,0.025982909677510883,0,3,3
1,1,176,33,2,3,2,0,0,0,0,2,0.018831469887254572,1,5,2
1,1,121,34,2,4,2,0,0,2,0,2,0.020465429802702332,1,6,2
1,1,12,34,1,2,2,0,0,0,3,2,0.023576175132713085,0,3,2
1,1,211,34,0,1,1,0,0,0,0,2,0.017682131349534815,1,1,1
1,1,91,34,0,1,1,0,0,0,0,2,0.02292128137902661,2,1,1
1,1,42,34,0,2,2,0,0,2,0,2,0.021120323556388803,1,2,2
1,1,141,34,0,2,2,0,0,0,3,2,0.0245585157632428,2,2,2
1,1,17,34,0,2,2,0,0,2,0,2,0.02120218527559961,1,2,2
1,1,93,34,1,3,3,0,0,0,3,2,0.03143490017695078,0,4,3
1,1,81,34,1,1,1,0,0,0,3,2,0.027832984531675167,1,2,1
1,1,79,34,2,3,3,0,0,0,4,2,0.03929362522118848,0,5,3
1,1,162,34,2,3,2,2,0,0,5,2,0.03847500802908038,0,5,4
1,1,66,35,1,0,1,0,0,2,0,2,0.021284046994810426,0,1,1
1,1,17,35,1,0,2,0,0,2,0,2,0.01457138601952406,1,1,2
1,1,168,35,2,1,3,0,0,0,3,2,0.028733463442994076,0,3,3
1,1,33,35,2,1,3,0,0,0,4,2,0.03651032676802096,0,3,3
1,1,305,35,1,2,2,0,0,0,0,2,0.017534780254955355,2,3,2
1,1,47,35,0,2,3,0,0,0,3,2,0.03438192206853991,3,2,3
1,1,68,35,0,2,2,0,0,2,0,2,0.021120323556388803,1,2,2
0,1,241,43,1,2,2,0,0,0,0,3,0.00982340630529712,0,3,2
0,1,241,43,1,2,2,0,0,0,0,3,0.00982340630529712,0,3,2
0,1,241,43,1,2,2,0,0,0,0,3,0.00982340630529712,0,3,2
0,1,241,43,1,2,2,0,0,0,0,3,0.00982340630529712,0,3,2
0,1,241,43,1,2,2,0,0,0,0,3,0.00982340630529712,0,3,2
0,1,241,43,1,2,2,0,0,0,0,3,0.00982340630529712,0,3,2
0,1,241,43,1,2,2,0,0,0,0,3,0.00982340630529712,0,3,2
0,1,241,43,1,2,2,0,0,0,0,3,0.00982340630529712,0,3,2
0,1,241,43,1,2,2,0,0,0,0,3,0.00982340630529712,0,3,2
0,1,241,43,1,2,1,0,0,0,0,3,0.008186171921080933,0,3,1
0,1,241,43,1,2,1,0,0,0,0,3,0.008186171921080933,0,3,1
0,1,241,43,1,2,1,0,0,0,0,3,0.008186171921080933,0,3,1
0,1,241,43,1,2,1,0,0,0,0,3,0.008186171921080933,0,3,1
0,1,241,43,1,2,1,0,0,0,0,3,0.008186171921080933,0,3,1
0,1,241,43,1,2,1,0,0,0,0,3,0.008186171921080933,0,3,1
0,1,241,43,1,2,1,0,0,0,0,3,0.008186171921080933,0,3,1
0,1,24,36,0,2,2,0,0,0,0,2,0.013237039996387864,1,2,2
0,1,17,36,2,1,1,0,0,0,0,2,0.011377141735918278,0,3,1
0,1,0,37,2,2,1,0,0,0,0,1,0.018664471980064525,0,4,1
0,1,3,38,1,1,2,0,0,0,0,2,0.01964681261059424,0,2,2
0,1,3,38,1,1,1,0,0,0,0,3,0.01964681261059424,0,2,1
0,1,1,39,1,0,1,0,0,2,0,2,0.011296917251091686,0,1,1
0,1,3,38,1,1,1,0,0,0,0,3,0.01964681261059424,0,2,1
0,1,3,38,2,1,2,0,0,0,0,2,0.01964681261059424,0,3,2
0,1,7,39,1,1,1,0,0,0,0,2,0.01784585478795643,0,2,1
0,1,7,39,1,1,1,0,0,0,0,2,0.01784585478795643,0,2,1
0,1,7,39,1,1,1,0,0,0,0,2,0.01784585478795643,0,2,1
0,1,0,39,0,2,2,0,0,2,0,2,0.019162191232866246,1,2,2
0,1,6,39,0,1,1,0,0,2,0,2,0.011296917251091686,0,1,1
0,1,0,39,0,1,1,0,0,0,0,2,0.029470218915891355,0,1,1
0,1,17,39,0,1,1,0,0,0,0,3,0.027832984531675167,0,1,1
0,1,12,39,1,1,2,0,0,0,0,2,0.03274468768432373,1,2,2
0,1,12,39,1,1,2,0,0,0,0,2,0.03274468768432373,1,2,2
0,1,17,39,2,1,1,0,0,0,0,3,0.027832984531675167,0,3,1
0,1,17,39,2,1,1,0,0,0,0,3,0.027832984531675167,0,3,1
0,1,17,39,2,2,1,0,0,0,0,3,0.027832984531675167,0,4,1
0,1,16,39,2,3,1,0,0,0,0,3,0.027832984531675167,0,5,1
0,1,17,39,2,2,1,0,0,0,0,3,0.027832984531675167,0,4,1
0,1,19,40,1,1,1,0,0,0,0,3,0.027832984531675167,0,2,1
0,1,16,39,2,3,1,0,0,0,0,3,0.027832984531675167,0,5,1
0,1,7,40,1,1,1,0,0,0,0,3,0.027832984531675167,0,2,1
0,1,16,39,2,3,1,0,0,0,0,3,0.027832984531675167,0,5,1
0,1,18,40,0,1,2,0,0,0,0,2,0.013489174091557159,1,1,2
0,1,9,41,2,0,1,0,0,0,0,2,0.01784585478795643,0,2,1
0,1,14,41,1,0,1,0,0,0,0,0,0.01964681261059424,1,1,1
0,1,1,41,0,1,2,0,0,0,4,2,0.02390362200955632,0,1,2
0,1,5,41,2,1,1,0,0,0,0,2,0.01571745008847539,0,3,1
0,1,23,41,0,1,2,0,0,0,3,2,0.015766567120001875,0,1,2
0,1,22,41,0,1,2,0,0,0,0,2,0.013489174091557159,2,1,2
0,1,0,41,0,4,1,0,0,0,3,2,0.026154819287853574,1,4,1
0,1,0,41,0,2,1,0,0,2,0,2,0.019162191232866246,1,2,1
0,1,1,41,2,2,2,0,0,0,0,2,0.023739898571134704,2,4,2
0,1,1,42,0,1,2,0,0,0,0,2,0.001964681261059424,0,1,2
0,1,10,42,0,1,1,0,0,0,4,2,0.02390362200955632,0,1,1
0,1,0,43,1,0,1,0,0,2,0,2,0.014371643424649685,0,1,1
0,1,6,43,2,2,2,0,0,0,0,2,0.015884447995665442,1,4,2
0,1,7,43,0,1,2,0,0,0,0,2,0.018664471980064525,0,1,2
0,1,7,43,0,1,2,0,0,2,0,2,0.018664471980064525,1,1,2
0,1,11,43,0,1,2,0,0,0,3,0,0.022266387625340136,0,1,2
0,1,3,43,0,3,2,0,0,2,0,0,0.018664471980064525,1,3,2
0,1,8,43,1,5,2,0,0,0,3,2,0.013916492265837584,0,6,2
0,1,0,43,2,2,1,0,0,0,0,2,0.01571745008847539,0,4,1
0,1,0,45,1,0,2,1,0,0,0,2,0.014800598833314325,0,1,3
0,1,0,45,0,2,2,0,0,0,0,2,0.015553726650053772,0,2,2
0,1,21,45,0,2,2,0,0,0,0,2,0.012442981320043015,0,2,2
0,1,21,45,0,2,2,0,0,0,0,2,0.012442981320043015,0,2,2
0,1,0,45,1,1,1,0,0,2,0,1,0.011976369520541404,0,2,1
0,1,12,45,2,1,2,0,0,0,0,2,0.018664471980064525,0,3,2
0,1,2,46,1,2,1,0,0,0,0,1,0.012934151635307872,0,3,1
0,1,0,46,1,3,2,0,0,0,0,0,0.017354684472691576,1,4,2
0,1,0,47,0,1,1,0,0,0,0,2,0.016208620403740246,0,1,1
0,1,70,48,0,3,1,0,0,0,0,2,0.00758530690207359,0,3,1
0,1,6,49,0,1,1,0,0,0,0,2,0.01326159851215111,1,1,1
0,1,31,51,0,1,2,1,0,2,0,2,0.00850870709477152,1,1,3
0,1,31,51,0,1,3,0,0,2,0,2,0.012480637710879991,1,1,3
0,1,83,53,2,1,2,0,0,0,0,2,0.013998353985048392,2,3,2
0,1,57,52,2,5,2,0,0,0,0,2,0.011865037582414705,0,7,2
0,1,52,53,0,2,2,2,0,0,5,0,0.033890751753275064,2,2,4
0,1,71,53,0,5,3,0,0,0,0,2,0.018431984697505826,1,5,3
0,1,27,2,0,1,1,0,0,2,0,2,0.010609278809720887,0,1,1
0,1,80,2,0,1,2,0,0,0,0,2,0.014296330642975738,0,1,2
0,1,0,3,1,0,2,0,0,2,0,2,0.008844340143535839,0,1,2
0,1,48,2,2,5,2,0,0,0,0,2,0.013826444374705694,1,7,2
0,1,5,3,1,2,2,0,0,0,0,2,0.013146992105255977,2,3,2
0,1,36,4,0,2,1,0,0,0,0,3,0.011624364127934923,0,2,1
0,1,1,3,2,6,2,0,0,0,0,2,0.013498997497862457,1,8,2
0,1,9,5,0,2,2,0,0,0,1,3,0.012811359056491658,1,2,2
0,1,9,6,0,1,2,0,0,2,0,2,0.014735109457945678,0,1,2
0,1,2,6,1,3,2,0,1,0,0,2,0.015226279773210531,2,4,3
0,1,15,6,1,2,1,0,0,0,6,3,0.016372343842161866,0,3,1
0,1,0,7,0,1,2,0,0,2,0,2,0.012934151635307872,0,1,2
0,1,0,7,0,1,2,0,0,0,0,2,0.014898832896367297,0,1,2
0,1,15,7,1,2,2,0,0,0,0,2,0.0066586322406072315,0,3,2
0,1,3,7,1,1,2,0,0,2,0,2,0.009959296759187063,0,2,2
0,1,87,8,1,1,1,0,0,0,0,2,0.010167225525982518,0,2,1
0,1,1,8,0,1,2,1,0,0,5,2,0.028324154846940026,0,1,3
0,1,22,8,0,2,2,0,0,2,0,2,0.01326159851215111,1,2,2
0,1,5,9,0,1,2,0,0,2,0,2,0.01326159851215111,2,1,2
0,1,0,9,0,1,2,0,0,0,0,2,0.01457138601952406,1,1,2
0,1,0,9,0,1,1,0,0,0,0,2,0.01457138601952406,0,1,1
0,1,9,11,1,0,1,0,0,2,0,2,0.014735109457945678,1,1,1
0,1,78,11,1,2,2,0,0,0,0,2,0.01073698309168975,0,3,2
0,1,56,11,0,2,2,0,0,0,0,2,0.012819545228412738,0,2,2
0,1,3,11,0,3,2,0,0,0,0,2,0.014898832896367297,1,3,2
0,1,44,11,0,3,2,0,0,2,0,2,0.011640736471777085,1,3,2
0,1,133,11,1,2,2,0,0,0,0,3,0.0138067975620951,1,3,2
0,1,133,11,1,2,2,0,0,0,0,3,0.0138067975620951,1,3,2
0,1,133,11,1,2,2,0,0,0,0,3,0.0138067975620951,1,3,2
0,1,133,11,1,2,2,0,0,0,0,3,0.0138067975620951,1,3,2
0,1,133,11,1,2,2,0,0,0,0,3,0.0138067975620951,1,3,2
0,1,133,11,1,2,2,0,0,0,0,3,0.0138067975620951,1,3,2
0,1,133,11,1,2,2,0,0,0,0,3,0.0138067975620951,1,3,2
0,1,133,11,1,2,2,0,0,0,0,3,0.0138067975620951,1,3,2
0,1,133,11,1,2,2,0,0,0,0,3,0.006904217398239658,1,3,2
0,1,133,11,1,2,1,0,0,0,0,3,0.012225229146942265,1,3,1
0,1,133,11,1,2,2,0,0,0,0,3,0.0138067975620951,1,3,2
0,1,62,11,1,2,2,0,0,0,0,2,0.009870886102439387,1,3,2
0,1,133,11,1,2,2,0,0,0,0,3,0.0138067975620951,1,3,2
0,1,52,12,2,2,2,0,0,2,0,2,0.00834989535950255,0,4,2
0,1,5,12,2,1,2,0,0,0,0,3,0.015280308507889669,0,3,2
0,1,5,12,2,1,2,0,0,0,0,3,0.015280308507889669,0,3,2
0,1,5,12,2,1,2,0,0,0,0,3,0.015280308507889669,0,3,2
0,1,5,12,2,1,1,0,0,0,0,3,0.012961984619839549,0,3,1
0,1,5,12,2,1,1,0,0,0,0,3,0.012961984619839549,0,3,1
0,1,64,12,2,2,1,0,0,0,0,3,0.01530814149242134,0,4,1
0,1,5,12,2,1,2,0,0,0,0,3,0.015280308507889669,0,3,2
0,1,5,12,2,1,1,0,0,0,0,3,0.012961984619839549,0,3,1
0,1,5,12,2,1,2,0,0,0,0,3,0.015280308507889669,0,3,2
0,1,5,12,2,1,2,0,0,0,0,3,0.015280308507889669,0,3,2
0,1,5,12,2,1,2,0,0,0,0,3,0.015280308507889669,0,3,2
0,1,5,12,2,1,2,0,0,0,0,3,0.015280308507889669,0,3,2
0,1,6,12,2,1,3,0,0,0,3,2,0.0289790486006265,1,3,3
0,1,0,13,0,1,3,0,0,2,0,2,0.02210266418691852,1,1,3
0,1,5,12,2,1,2,0,0,0,0,3,0.015280308507889669,0,3,2
0,1,5,12,2,1,2,0,0,0,0,3,0.015280308507889669,0,3,2
0,1,5,12,2,1,1,0,0,0,0,3,0.0,0,3,1
0,1,5,12,2,1,1,0,0,0,0,3,0.012961984619839549,0,3,1
0,1,5,12,2,1,1,0,0,0,0,3,0.012961984619839549,0,3,1
0,1,145,12,2,1,2,0,0,2,0,2,0.009983855274950305,0,3,2
0,1,49,13,0,1,2,0,0,0,0,2,0.01800957822637805,0,1,2
0,1,45,12,2,8,2,1,0,0,6,2,0.035650778716307466,3,10,3
0,1,49,12,2,4,2,0,0,0,3,2,0.01739561533229698,1,6,2
0,1,11,13,0,2,3,0,0,0,3,2,0.029797665792734587,2,2,3
0,1,11,13,0,2,2,0,0,0,3,2,0.0263594735858806,1,2,2
0,1,23,13,0,1,2,1,0,0,6,2,0.04666117995016132,0,1,3
0,1,0,13,1,1,1,0,0,0,0,2,0.01457138601952406,0,2,1
0,1,0,13,1,1,2,0,0,2,0,2,0.021938940748496897,0,2,2
0,1,39,14,1,0,2,0,0,0,0,2,0.019302993389908842,1,1,2
0,1,73,14,0,2,2,0,0,2,0,2,0.009870886102439387,1,2,2
0,1,2,14,1,3,1,0,0,0,0,2,0.014980694615578103,1,4,1
0,1,0,14,1,4,2,0,0,0,0,2,0.018664471980064525,0,5,2
0,1,0,14,0,2,2,0,0,2,0,2,0.012348021725758478,0,2,2
0,1,0,15,1,0,1,0,0,2,0,2,0.01457138601952406,0,1,1
0,1,1,15,1,0,2,0,0,0,0,2,0.016208620403740246,0,1,2
0,1,10,15,2,0,2,0,0,2,0,2,0.01457138601952406,1,2,2
0,1,28,15,0,1,1,0,0,0,3,2,0.014735109457945678,1,1,1
0,1,23,11,1,0,2,0,0,0,0,2,0.013916492265837584,1,1,2
0,1,64,15,0,1,2,0,0,2,0,2,0.015471864930842962,1,1,2
0,1,3,15,0,2,3,0,0,0,6,2,0.03038215846789977,0,2,3
0,1,31,15,0,1,1,0,0,0,3,2,0.014735109457945678,1,1,1
0,1,11,16,1,0,1,0,0,0,3,2,0.014735109457945678,1,1,1
0,1,7,16,2,0,2,0,0,0,3,2,0.020301706364280712,1,2,2
0,1,55,16,0,1,2,0,0,2,0,3,0.015471864930842962,0,1,2
0,1,55,16,0,1,2,0,0,2,0,3,0.015471864930842962,0,1,2
0,1,94,16,0,2,2,0,0,0,0,3,0.015766567120001875,1,2,2
0,1,94,16,0,2,2,0,0,0,0,3,0.015766567120001875,1,2,2
0,1,94,16,0,2,2,0,0,0,0,3,0.015766567120001875,1,2,2
0,1,14,16,0,2,2,0,0,0,3,2,0.023248728255869846,1,2,2
0,1,1,16,1,1,2,0,0,0,0,2,0.012732771806049282,1,2,2
0,1,40,17,1,0,2,0,0,0,3,2,0.017976833538693726,0,1,2
0,1,61,16,2,1,3,0,0,0,5,2,0.024771356233190902,3,3,3
0,1,1,17,1,0,2,0,0,0,0,2,0.01817330166479967,0,1,2
0,1,0,17,0,1,2,0,0,0,0,2,0.01784585478795643,0,1,2
0,1,38,17,2,1,2,0,0,2,0,2,0.011156115094049094,1,3,2
0,1,34,17,0,1,2,0,0,0,0,2,0.017240078065796444,1,1,2
0,1,16,17,0,1,2,0,0,2,0,2,0.01948308917217262,1,1,2
0,1,37,17,1,1,2,0,0,2,0,2,0.015471864930842962,0,2,2
0,1,1,17,1,1,2,0,0,2,0,2,0.01702723759584834,0,2,2
0,1,31,17,2,1,2,0,0,0,3,2,0.014250488080217687,0,3,2
0,1,168,17,2,3,2,0,0,0,0,3,0.013294343199835437,1,5,2
0,1,35,18,2,0,2,0,0,0,3,2,0.01945034448448829,1,2,2
0,1,77,18,1,1,2,1,0,0,0,3,0.018418886822432097,2,2,3
0,1,77,18,1,1,2,0,0,0,3,3,0.017976833538693726,1,2,2
0,1,3,18,1,2,2,0,0,0,0,2,0.021447770433232042,1,3,2
0,1,97,18,1,3,2,0,0,2,0,2,0.013220667652545705,1,4,2
0,1,108,18,0,1,1,0,0,0,0,2,0.010994028890011692,0,1,1
0,1,45,18,0,1,2,0,0,0,0,2,0.0173874291603759,1,1,2
0,1,127,18,1,3,2,0,0,0,0,3,0.014735109457945678,0,4,2
0,1,127,18,1,3,1,0,0,0,0,3,0.013097875073729491,0,4,1
0,1,127,18,1,3,2,0,0,0,0,3,0.014735109457945678,0,4,2
0,1,127,18,1,3,2,0,0,0,0,3,0.014735109457945678,0,4,2
0,1,127,18,1,3,2,0,0,0,0,2,0.014735109457945678,0,4,2
0,1,127,18,1,3,2,0,0,0,0,3,0.014735109457945678,0,4,2
0,1,127,18,1,3,2,0,0,0,0,3,0.014735109457945678,0,4,2
0,1,127,18,1,3,2,0,0,0,0,3,0.014735109457945678,0,4,2
0,1,4,19,1,0,1,0,0,0,0,2,0.020465429802702332,1,1,1
0,1,99,18,2,4,2,0,0,0,3,2,0.017673945177613733,1,6,2
0,1,102,19,2,2,1,0,0,0,0,2,0.014612316879129462,2,4,1
0,1,1,19,0,2,2,0,0,2,0,2,0.022593834502183368,1,2,2
0,1,95,19,1,2,2,0,0,0,0,2,0.013220667652545705,0,3,2
0,1,1,20,1,0,2,0,0,2,0,2,0.009245462567668805,0,1,2
0,1,1,20,1,0,2,0,0,2,0,2,0.009245462567668805,0,1,2
0,1,0,20,0,1,3,0,0,0,5,2,0.025074244594270892,0,1,3
0,1,0,20,1,1,3,0,0,0,3,2,0.025868303270615744,0,2,3
0,1,24,20,2,3,1,0,0,0,0,2,0.015553726650053772,1,5,1
0,1,24,20,2,3,1,0,0,0,0,2,0.015553726650053772,1,5,1
0,1,77,20,0,4,2,0,0,0,3,2,0.02170972793470663,2,4,2
0,1,91,20,0,3,2,0,0,0,0,3,0.013220667652545705,0,3,2
0,1,73,20,0,1,2,0,0,0,0,2,0.02077650433570341,1,1,2
0,1,196,20,1,3,2,0,0,0,0,3,0.013220667652545705,1,4,2
0,1,196,20,1,3,2,0,0,0,0,3,0.013220667652545705,1,4,2
0,1,196,20,1,3,2,0,0,0,0,3,0.013220667652545705,1,4,2
0,1,196,20,1,3,2,0,0,0,0,3,0.013220667652545705,1,4,2
0,1,196,20,1,3,2,0,0,0,0,3,0.013220667652545705,0,4,2
0,1,5,21,1,0,2,0,0,2,0,2,0.011219967235033523,1,1,2
0,1,14,21,2,0,2,2,0,0,5,2,0.03454564550696153,2,2,4
0,1,0,21,1,0,2,0,0,2,0,2,0.010270371292188135,0,1,2
0,1,53,21,0,1,2,0,0,0,0,2,0.02077650433570341,1,1,2
0,1,5,21,1,2,1,0,0,0,0,3,0.016097288465613542,0,3,1
0,1,116,21,0,1,2,0,0,0,0,2,0.017240078065796444,1,1,2
0,1,4,21,2,2,1,0,0,0,0,3,0.016097288465613542,0,4,1
0,1,0,21,0,0,1,0,0,0,0,3,0.0,0,0,1
0,1,5,21,1,3,1,0,0,0,0,2,0.016097288465613542,0,4,1
0,1,31,21,2,4,1,0,0,0,0,2,0.015553726650053772,1,6,1
0,1,1,21,0,1,2,0,0,0,4,2,0.033727028314853434,0,1,2
0,1,101,21,0,3,3,0,0,0,5,2,0.03256459190205995,2,3,3
0,1,23,22,1,0,2,1,0,0,3,2,0.028406016566150837,1,1,3
0,1,228,22,2,0,2,0,0,0,0,2,0.0173874291603759,1,2,2
0,1,14,22,1,0,2,0,0,2,0,2,0.021120323556388803,2,1,2
0,1,9,21,2,2,2,0,0,0,6,2,0.04207692367435599,0,4,2
0,1,93,22,1,2,2,0,0,1,4,3,0.03454564550696153,0,3,2
0,1,93,22,1,2,2,0,0,1,4,3,0.03454564550696153,0,3,2
0,1,8,22,0,1,2,0,0,2,0,2,0.016208620403740246,1,1,2
0,1,13,22,1,2,2,1,0,2,0,2,0.01720897061249634,2,3,3
0,1,27,22,2,2,2,0,0,0,0,2,0.014872637146219838,1,4,2
0,1,87,22,0,1,1,0,0,0,0,2,0.015430934071237556,1,1,1
0,1,73,22,1,4,2,0,0,0,3,2,0.02127749805727356,1,5,2
0,1,135,22,2,1,2,0,0,2,0,2,0.016650673687478617,1,3,2
0,1,18,23,2,1,1,0,0,0,0,2,0.01839105383790042,1,3,1
0,1,134,23,1,1,2,0,0,2,0,2,0.015471864930842962,0,2,2
0,1,38,23,0,1,2,0,0,2,0,2,0.014587758363366218,1,1,2
0,1,5,23,0,1,2,0,0,2,0,2,0.01948308917217262,0,1,2
0,1,14,23,0,1,1,0,0,0,3,2,0.01976141901748937,0,1,1
0,1,2,23,0,1,2,0,0,0,0,2,0.01964681261059424,1,1,2
0,1,110,23,0,1,2,1,0,0,0,3,0.023428824038133626,3,1,3
0,1,110,23,0,1,2,0,0,0,3,2,0.0245585157632428,1,1,2
0,1,102,23,0,1,2,0,0,0,3,2,0.022986770754395255,0,1,2
0,1,19,23,0,3,3,0,0,0,3,2,0.027887013266354302,1,3,3
0,1,15,23,1,3,2,0,0,2,0,2,0.01531796489872664,1,4,2
0,1,220,23,2,1,2,0,0,0,0,3,0.012005839739457295,1,3,2
0,1,220,23,2,1,2,0,0,0,0,3,0.012005839739457295,1,3,2
0,1,220,23,2,1,2,0,0,0,0,3,0.012005839739457295,1,3,2
0,1,220,23,2,1,1,0,0,0,0,3,0.010096824447461222,0,3,1
0,1,220,23,2,1,2,0,0,0,0,3,0.012005839739457295,1,3,2
0,1,220,23,2,1,2,0,0,0,0,3,0.012005839739457295,1,3,2
0,1,220,23,2,1,2,0,0,0,0,3,0.012005839739457295,1,3,2
0,1,220,23,2,1,2,0,0,0,0,3,0.012005839739457295,1,3,2
0,1,220,23,2,1,2,0,0,0,0,3,0.012005839739457295,1,3,2
0,1,220,23,2,1,2,0,0,0,0,3,0.012005839739457295,1,3,2
0,1,220,23,2,1,2,0,0,0,0,3,0.012005839739457295,1,3,2
0,1,220,23,2,1,2,0,0,0,0,3,0.012005839739457295,1,3,2
0,1,220,23,2,1,2,0,0,0,0,3,0.012005839739457295,1,3,2
0,1,220,23,2,1,2,0,0,0,0,3,0.012005839739457295,1,3,2
0,1,220,23,2,1,2,0,0,0,0,3,0.012005839739457295,1,3,2
0,1,220,23,2,1,2,0,0,0,0,3,0.012005839739457295,1,3,2
0,1,220,23,2,1,1,0,0,0,0,3,0.0,0,3,1
0,1,220,23,2,1,2,0,0,0,0,3,0.012005839739457295,1,3,2
0,1,220,23,2,1,1,0,0,0,0,3,0.010096824447461222,0,3,1
0,1,220,23,2,1,2,0,0,0,0,3,0.012005839739457295,1,3,2
0,1,220,23,2,1,2,0,0,0,0,3,0.012005839739457295,1,3,2
0,1,220,23,2,1,2,0,0,0,0,3,0.012005839739457295,1,3,2
0,1,111,24,2,0,2,0,0,0,0,2,0.019008291200749924,1,2,2
0,1,0,24,0,1,2,0,0,2,0,2,0.01784585478795643,0,1,2
0,1,118,24,1,2,1,0,0,0,0,3,0.01800957822637805,0,3,1
0,1,14,24,0,1,2,0,0,0,0,2,0.019810536049015854,1,1,2
0,1,43,24,0,1,2,0,0,0,0,2,0.013728210311652722,2,1,2
0,1,18,24,0,1,2,0,0,0,0,2,0.015168976569762968,0,1,2
0,1,18,24,0,1,2,0,0,0,0,2,0.015168976569762968,0,1,2
0,1,63,24,0,1,2,0,0,2,0,2,0.01784585478795643,1,1,2
0,1,3,24,0,3,1,0,0,0,3,2,0.017985019710614808,2,3,1
0,1,14,24,0,4,1,0,0,0,0,2,0.018140556977115342,1,4,1
0,1,14,24,0,4,2,0,0,0,0,2,0.018140556977115342,1,4,2
0,1,106,24,0,4,2,0,0,0,0,2,0.01510839889754697,1,4,2
0,1,118,24,1,5,1,0,0,0,0,3,0.01800957822637805,2,6,1
0,1,120,25,1,0,2,1,0,0,0,3,0.023428824038133626,4,1,3
0,1,2,25,1,0,2,0,0,2,0,2,0.012934151635307872,1,1,2
0,1,13,25,0,1,2,0,0,2,0,2,0.01457138601952406,0,1,2
0,1,34,25,2,1,0,2,0,0,1,2,0.019564950891383426,1,3,2
0,1,34,25,2,1,2,0,0,0,1,2,0.019564950891383426,1,3,2
0,1,137,25,1,1,2,0,0,0,0,2,0.01662284070294694,2,2,2
0,1,102,25,2,3,3,0,0,0,3,2,0.02458307427900604,0,5,3
0,1,1,25,0,1,1,0,0,1,0,2,0.014612316879129462,0,1,1
0,1,243,26,2,0,2,0,0,0,1,2,0.01564868624433831,1,2,2
0,1,243,26,2,0,2,0,0,0,1,2,0.01564868624433831,1,2,2
0,1,48,26,0,1,2,0,0,2,0,2,0.014587758363366218,1,1,2
0,1,59,26,1,1,2,0,0,2,0,2,0.014587758363366218,1,2,2
0,1,50,26,0,1,2,0,0,0,0,2,0.012593606883390906,1,1,2
0,1,50,26,0,1,2,0,0,0,0,2,0.012593606883390906,1,1,2
0,1,39,26,0,2,1,2,0,0,5,2,0.02755465468635842,2,2,3
0,1,146,26,1,3,2,0,0,0,0,2,0.015059281866020485,0,4,2
0,1,87,27,1,0,2,0,0,2,0,2,0.013998353985048392,1,1,2
0,1,39,27,2,0,2,0,0,0,0,2,0.016355971498319702,1,2,2
0,1,16,27,1,0,2,1,0,0,0,2,0.0220699194992342,1,1,3
0,1,84,27,2,1,3,0,0,0,0,2,0.016981395033090284,2,3,3
0,1,146,27,0,1,2,0,0,0,0,2,0.013998353985048392,1,1,2
0,1,17,27,0,2,3,1,0,0,6,2,0.03880245490592362,1,2,4
0,1,12,27,0,2,1,0,0,0,3,2,0.02472223920166441,2,2,1
0,1,12,27,0,2,2,1,0,0,3,2,0.02554085639377251,3,2,3
0,1,38,27,0,1,2,0,0,2,0,2,0.017534780254955355,1,1,2
0,1,54,27,0,1,2,0,0,2,0,2,0.017534780254955355,1,1,2
0,1,20,27,0,4,2,0,0,0,3,2,0.02033445105196504,0,4,2
0,1,107,27,0,5,3,0,0,0,3,2,0.024018228416451445,2,5,3
0,1,82,27,0,1,3,0,0,0,6,2,0.030293747811152093,2,1,3
0,1,140,27,1,1,3,0,0,0,3,2,0.021071206524862315,3,2,3
0,1,0,28,1,0,1,0,0,2,0,2,0.015203358491831506,0,1,1
0,1,140,27,1,1,2,2,0,0,1,2,0.014533729628687084,1,2,4
0,1,137,27,1,1,2,2,0,0,1,2,0.014533729628687084,1,2,4
0,1,160,27,1,3,2,0,0,0,0,2,0.014890646724446215,1,4,2
0,1,100,28,1,0,2,0,0,2,0,2,0.018418886822432097,1,1,2
0,1,11,28,1,0,2,3,0,0,6,2,0.04371415805857218,3,1,5
0,1,138,27,2,2,2,0,0,0,0,2,0.011734058831677408,1,4,2
0,1,53,28,2,1,2,0,0,2,0,2,0.017534780254955355,1,3,2
0,1,128,27,2,4,2,2,0,0,5,2,0.026719665150408158,2,6,4
0,1,0,28,0,3,2,0,0,2,0,2,0.018084891008051995,1,3,2
0,1,4,28,0,3,2,0,0,0,0,2,0.02472223920166441,1,3,2
0,1,118,28,0,1,2,0,0,0,0,2,0.01440929981548666,1,1,2
0,1,56,29,1,0,2,0,0,0,0,2,0.01440929981548666,0,1,2
0,1,57,29,0,1,2,0,0,0,0,2,0.017240078065796444,1,1,2
0,1,97,29,0,2,2,1,0,0,0,2,0.019892397768226662,1,2,3
0,1,128,29,1,2,2,0,0,0,3,3,0.015951574605418302,1,3,2
0,1,128,29,1,2,3,0,0,0,0,3,0.019044310357202682,2,3,3
0,1,94,29,0,2,3,0,0,0,3,2,0.022544717470656884,0,2,3
0,1,94,29,0,2,3,0,0,0,3,2,0.022544717470656884,2,2,3
0,1,4,29,0,1,2,1,0,0,0,2,0.02472223920166441,1,1,3
0,1,33,29,0,1,1,0,0,2,0,2,0.02048180214654449,1,1,1
0,1,73,29,0,3,2,0,0,0,0,2,0.013916492265837584,0,3,2
0,1,57,30,1,0,2,0,0,2,0,2,0.013851002890468936,0,1,2
0,1,121,29,2,1,2,0,0,0,0,2,0.017240078065796444,1,3,2
0,1,81,29,2,1,2,0,0,0,0,2,0.01571745008847539,0,3,2
0,1,0,30,0,1,2,0,0,2,0,2,0.016208620403740246,0,1,2
0,1,60,30,0,1,2,0,0,0,0,2,0.01327469638722484,1,1,2
0,1,11,30,1,2,1,0,0,0,4,2,0.02854190702004078,0,3,1
0,1,226,30,0,2,1,0,0,0,0,3,0.010519230918588996,0,2,1
0,1,226,30,0,2,2,0,0,0,0,3,0.012524843039253828,1,2,2
0,1,226,30,0,2,2,0,0,0,0,3,0.012524843039253828,1,2,2
0,1,226,30,0,2,2,0,0,0,0,3,0.012524843039253828,1,2,2
0,1,226,30,0,2,2,0,0,0,0,3,0.012524843039253828,1,2,2
0,1,226,30,0,2,2,0,0,0,0,3,0.012524843039253828,1,2,2
0,1,226,30,0,2,2,0,0,0,0,3,0.012524843039253828,1,2,2
0,1,226,30,0,2,1,0,0,0,0,3,0.010519230918588996,0,2,1
0,1,226,30,0,2,1,0,0,0,0,3,0.010519230918588996,0,2,1
0,1,226,30,0,2,1,0,0,0,0,3,0.010519230918588996,0,2,1
0,1,226,30,0,2,2,0,0,0,0,3,0.012524843039253828,1,2,2
0,1,226,30,0,2,2,0,0,0,0,3,0.012524843039253828,1,2,2
0,1,226,30,0,2,2,0,0,0,0,3,0.012524843039253828,1,2,2
0,1,226,30,0,2,2,0,0,0,0,3,0.012524843039253828,1,2,2
0,1,226,30,0,2,2,0,0,0,0,3,0.012524843039253828,1,2,2
0,1,226,30,0,2,2,0,0,0,0,3,0.012524843039253828,1,2,2
0,1,226,30,0,2,2,0,0,0,0,3,0.012524843039253828,1,2,2
0,1,226,30,0,2,2,0,0,0,0,3,0.012524843039253828,1,2,2
0,1,226,30,0,2,1,0,0,0,0,3,0.010519230918588996,0,2,1
0,1,226,30,0,2,2,0,0,0,0,3,0.012524843039253828,1,2,2
0,1,226,30,0,2,2,0,0,0,0,3,0.012524843039253828,1,2,2
0,1,226,30,0,2,1,0,0,0,0,3,0.010519230918588996,0,2,1
0,1,226,30,0,2,2,0,0,0,0,3,0.012524843039253828,1,2,2
0,1,0,30,0,1,2,0,0,2,0,2,0.013533379419930996,0,1,2
0,1,0,31,0,1,1,0,0,0,0,2,0.01770014092776119,0,1,1
0,1,0,31,0,1,2,0,0,2,0,2,0.010098461681845436,0,1,2
0,1,4,32,0,1,3,0,0,0,4,2,0.03356330487643182,0,1,3
0,1,11,32,0,1,2,1,0,0,0,2,0.022675696221394183,1,1,3
0,1,4,32,0,1,1,1,0,2,0,2,0.01531796489872664,0,1,2
0,1,4,32,0,1,2,1,0,2,0,2,0.015948300136649867,0,1,3
0,1,4,32,0,1,2,0,0,2,0,2,0.01521481913252102,0,1,2
0,1,23,32,0,2,2,0,0,0,0,2,0.02472223920166441,1,2,2
0,1,131,32,0,3,2,0,0,0,0,2,0.014248850845833468,3,3,2
0,1,7,32,0,1,2,2,0,0,5,2,0.03929362522118848,1,1,4
0,1,236,32,0,5,2,0,0,0,0,2,0.01457138601952406,0,5,2
0,1,11,33,1,0,2,2,0,0,5,2,0.031328479941976725,1,1,4
0,1,221,33,0,1,1,0,0,1,0,3,0.01195181100477816,0,1,1
0,1,116,33,0,1,2,2,0,0,6,2,0.033193289905598965,1,1,4
0,1,40,33,1,1,2,0,0,0,6,2,0.033625519783032035,1,2,2
0,1,11,33,2,2,2,0,0,2,0,2,0.02275755794060499,0,4,2
0,1,6,34,1,2,2,0,0,0,3,2,0.029579913619633837,1,3,2
0,1,0,34,0,1,1,0,0,0,0,2,0.022593834502183368,0,1,1
0,1,0,34,0,1,1,0,0,0,0,2,0.01784585478795643,0,1,1
0,1,320,34,0,2,2,0,0,1,0,3,0.018828195418486144,1,2,2
0,1,5,34,0,1,2,0,0,0,0,2,0.021284046994810426,1,1,2
0,1,155,35,1,0,2,0,0,2,0,2,0.015471864930842962,1,1,2
0,1,155,35,1,0,2,1,0,0,0,2,0.019892397768226662,1,1,3
0,1,0,34,2,2,2,0,0,2,0,2,0.012839192041023332,0,4,2
0,1,7,35,0,1,2,0,0,2,0,2,0.020956600117967187,1,1,2
0,1,0,35,0,1,2,0,0,2,0,2,0.02275755794060499,0,1,2
0,1,168,34,2,2,2,1,0,0,3,2,0.016351059795167055,1,4,3
0,1,1,35,0,1,1,0,0,2,0,2,0.013292705965451216,0,1,1
0,1,21,35,0,1,2,1,0,2,0,2,0.02398548372876713,2,1,3
0,1,32,35,0,3,2,2,0,0,4,2,0.029953203059235132,2,3,4
0,1,4,35,0,1,2,0,0,0,0,2,0.024394792324821182,1,1,2
0,1,10,35,1,4,3,0,0,0,6,2,0.02622194589760644,1,5,3
0,1,112,35,0,4,2,0,0,0,4,2,0.015168976569762968,2,4,2
0,1,8,35,1,5,2,0,0,0,3,2,0.016283933185414188,1,6,2
0,1,112,35,0,4,2,0,0,0,4,2,0.015168976569762968,2,4,2
0,1,1,35,1,2,1,0,0,0,3,2,0.02848787828536164,1,3,1
0,1,19,36,2,1,2,0,0,2,0,2,0.0185007485416429,2,3,2
0,1,22,36,0,2,2,1,0,0,6,1,0.032715217465407835,1,2,3
0,1,0,36,0,2,2,0,0,2,0,2,0.012722948399743984,0,2,2
0,1,26,36,2,3,3,0,0,0,4,2,0.02715025779345702,0,5,3
0,1,0,36,0,1,2,0,0,2,0,2,0.01631176616994586,0,1,2
0,1,28,36,0,1,2,0,0,2,0,2,0.01800957822637805,0,1,2
0,1,191,36,0,4,2,0,0,0,3,2,0.013823169905937262,1,4,2
0,1,191,36,0,4,1,0,0,0,3,2,0.013823169905937262,2,4,1
0,1,64,36,0,1,2,1,0,0,0,2,0.023821760290345512,2,1,3
0,1,3,36,0,1,2,0,0,0,3,2,0.02292128137902661,1,1,2
0,1,0,36,0,1,2,0,0,2,0,2,0.015406375555474312,0,1,2
0,1,182,36,0,1,2,0,0,0,0,2,0.015997417168176355,1,1,2
0,1,62,36,0,1,2,0,0,0,0,2,0.017976833538693726,1,1,2
0,1,62,36,2,1,2,0,0,0,0,2,0.017976833538693726,2,3,2
0,1,23,37,1,0,2,0,0,0,0,2,0.015380179805326856,1,1,2
0,1,50,36,2,4,2,0,0,2,3,2,0.02039666595856525,0,6,2
0,1,40,37,0,1,2,0,0,0,4,2,0.024460281700189827,0,1,2
0,1,9,37,2,2,1,0,0,0,3,2,0.015530805368674743,1,4,1
0,1,12,37,0,1,2,0,0,2,0,2,0.021120323556388803,2,1,2
0,1,1,36,2,5,1,0,0,0,0,2,0.01800957822637805,0,7,1
0,1,32,36,2,5,3,1,0,0,6,2,0.03808043454248428,0,7,4
0,1,40,37,0,2,2,0,0,0,4,2,0.0259337926459844,0,2,2
0,1,52,37,0,2,3,0,0,0,3,2,0.024460281700189827,2,2,3
0,1,67,37,0,3,2,0,0,0,3,2,0.018720137949127875,1,3,2
0,1,80,37,2,4,1,0,0,0,0,3,0.013916492265837584,0,6,1
0,1,88,36,2,5,1,0,0,0,0,3,0.013916492265837584,1,7,1
0,1,0,37,2,4,1,0,0,0,0,3,0.013916492265837584,1,6,1
0,1,23,37,0,2,2,0,0,0,0,2,0.021284046994810426,1,2,2
0,1,116,21,1,0,2,0,0,0,0,2,0.020629153241123948,3,1,2
0,1,213,37,0,3,2,0,0,0,3,2,0.01917365187355576,1,3,2
0,1,39,38,1,5,1,0,0,0,0,3,0.017682131349534815,0,6,1
0,1,50,37,1,1,2,0,0,0,3,2,0.023870877321872003,2,2,2
0,1,0,38,1,0,1,0,0,2,0,2,0.01392140396899023,0,1,1
0,1,2,38,1,0,2,0,0,0,3,2,0.023739898571134704,1,1,2
0,1,14,38,1,0,1,0,0,2,0,2,0.01457138601952406,2,1,1
0,1,38,37,1,1,2,0,0,0,3,2,0.02792630689157549,2,2,2
0,1,17,38,2,0,2,0,0,2,0,2,0.01530814149242134,2,2,2
0,1,34,38,2,0,2,0,0,2,0,2,0.02048180214654449,2,2,2
0,1,40,38,0,4,1,0,0,0,0,3,0.017682131349534815,0,4,1
0,1,78,38,2,0,3,0,0,0,5,2,0.026208848022532715,1,2,3
0,1,5,38,1,0,2,0,0,0,0,2,0.019913681815221476,2,1,2
0,1,94,38,2,1,2,0,0,0,0,2,0.022250015281497976,2,3,2
0,1,3,38,1,2,2,0,0,0,0,2,0.015553726650053772,0,3,2
0,1,121,37,2,4,2,1,0,2,0,2,0.014695815832724491,0,6,3
0,1,58,38,0,2,2,0,0,0,3,2,0.020308255301817582,1,2,2
0,1,8,38,0,1,2,0,0,2,0,2,0.024394792324821182,3,1,2
0,1,30,38,0,1,2,0,0,2,0,2,0.02048180214654449,2,1,2
0,1,0,38,0,1,2,0,0,2,0,2,0.017400527035449632,0,1,2
0,1,9,38,0,1,2,0,0,2,0,2,0.024394792324821182,3,1,2
0,1,31,38,0,1,2,0,0,2,0,2,0.02048180214654449,1,1,2
0,1,15,38,0,2,2,0,0,0,3,2,0.02319633675557493,1,2,2
0,1,40,38,0,4,1,0,0,0,0,3,0.017682131349534815,0,4,1
0,1,115,38,0,1,2,0,0,2,0,2,0.01945034448448829,2,1,2
0,1,40,38,0,5,1,0,0,0,0,3,0.017682131349534815,0,5,1
0,1,40,38,0,5,1,0,0,0,0,3,0.017682131349534815,0,5,1
0,1,197,38,0,3,2,0,0,2,0,2,0.019008291200749924,1,3,2
0,1,111,38,0,2,3,0,0,0,3,2,0.02755465468635842,3,2,3
0,1,1,38,1,1,2,0,0,0,3,2,0.025465543612098563,2,2,2
0,1,67,38,2,2,2,0,0,0,3,2,0.022544717470656884,1,4,2
0,1,89,38,2,2,2,0,0,0,3,2,0.024460281700189827,1,4,2
0,1,88,38,2,3,2,0,0,0,3,2,0.024460281700189827,1,5,2
0,1,56,39,0,1,2,0,0,0,0,2,0.013998353985048392,0,1,2
0,1,57,39,0,1,2,0,0,0,3,2,0.01883474435602301,2,1,2
0,1,57,39,0,1,2,0,0,0,3,2,0.01883474435602301,2,1,2
0,1,20,39,1,3,1,0,0,0,0,2,0.01948308917217262,0,4,1
0,1,57,39,0,2,2,0,0,0,0,2,0.016621203468562724,0,2,2
0,1,1,39,0,1,2,0,0,2,0,2,0.021212008681904912,0,1,2
0,1,42,35,8,20,0,0,0,0,3,2,0.0,1,28,0
0,1,123,39,0,2,2,0,0,0,4,2,0.02652319702430222,0,2,2
0,1,154,40,1,0,2,0,0,0,0,2,0.020923855430282863,0,1,2
0,1,0,40,1,0,2,0,0,0,0,2,0.021284046994810426,0,1,2
0,1,22,39,2,1,2,0,0,0,0,2,0.02275755794060499,2,3,2
0,1,36,40,2,0,2,0,0,0,0,2,0.014749844567403626,1,2,2
0,1,0,40,0,1,2,0,0,2,0,2,0.016432921514377863,0,1,2
0,1,11,40,2,1,2,0,0,2,0,2,0.021120323556388803,1,3,2
0,1,0,40,0,1,2,0,0,2,0,2,0.017461104707665633,0,1,2
0,1,76,40,0,3,1,0,0,2,0,2,0.02048180214654449,1,3,1
0,1,57,39,2,5,2,0,0,0,3,2,0.02406079651044108,1,7,2
0,1,64,40,0,3,2,0,0,0,0,2,0.016621203468562724,0,3,2
0,1,64,40,0,3,2,0,0,0,0,2,0.016621203468562724,0,3,2
0,1,78,40,0,3,2,0,0,0,0,2,0.015553726650053772,1,3,2
0,1,1,40,1,2,1,0,0,0,4,2,0.035200539260648006,0,3,1
0,1,47,41,2,0,2,0,0,2,0,2,0.013615241139141806,2,2,2
0,1,9,40,2,1,2,3,0,0,6,2,0.045569144615889116,0,3,5
0,1,33,41,1,0,1,0,0,2,0,2,0.01974504667364721,1,1,1
0,1,26,41,2,0,1,0,0,2,0,2,0.021938940748496897,1,2,1
0,1,0,40,2,1,1,0,0,0,0,2,0.0245585157632428,1,3,1
0,1,5,40,2,2,2,0,0,0,6,2,0.03624509479777793,2,4,2
0,1,12,41,2,1,1,0,0,0,0,2,0.000982340630529712,0,3,1
0,1,21,41,2,1,2,0,0,0,3,2,0.010041158478397871,0,3,2
0,1,20,41,2,1,2,0,0,0,3,2,0.026850643901145457,0,3,2
0,1,1,41,2,1,1,0,0,0,0,2,0.02521340951692927,1,3,1
0,1,164,41,0,1,2,0,0,0,0,2,0.019155642295329383,0,1,2
0,1,185,41,0,2,2,0,0,0,3,2,0.020039748862806118,1,2,2
