hotel,is_canceled,lead_time,arrival_date_week_number,stays_in_weekend_nights,stays_in_week_nights,adults,children,babies,meal,reserved_room_type,customer_type,adr,total_of_special_requests,stays_in_night,total
0,0,68,27,0,4,2,0,0,0,3,2,0.015881173526897007,3,4,2
0,0,14,27,0,2,2,0,0,0,0,2,0.016044896965318627,1,2,2
0,0,10,27,0,2,2,2,0,0,6,2,0.025049686078507653,0,2,4
0,0,9,27,0,1,2,0,0,0,2,2,0.0155062468529115,0,1,2
0,0,51,28,1,3,2,0,0,0,6,2,0.01928825828045089,2,4,2
0,0,51,28,1,3,3,0,0,0,6,2,0.01928825828045089,2,4,3
0,0,98,28,1,1,2,0,0,0,3,2,0.014293056174207307,1,2,2
0,0,88,28,0,4,3,0,0,1,3,2,0.024558515763242795,1,4,3
0,0,10,28,0,1,2,0,0,0,0,2,0.021447770433232042,0,1,2
0,0,42,29,1,2,2,0,0,0,3,2,0.01800957822637805,0,3,2
0,0,7,29,0,1,2,2,0,0,2,2,0.02766926109325355,1,1,4
0,0,70,31,0,1,2,1,0,0,3,2,0.0188036369027229,1,1,3
0,0,110,31,2,8,2,0,0,0,0,2,0.014890646724446215,1,10,2
0,0,5,32,2,1,2,0,0,0,3,2,0.02580117666086288,1,3,2
0,0,34,33,2,2,2,0,0,0,3,2,0.034545645506961535,1,4,2
0,0,30,33,1,2,2,0,0,0,0,2,0.034545645506961535,0,3,2
0,0,2,33,2,2,2,2,0,0,6,2,0.03970293381724252,0,4,4
0,0,0,34,0,1,1,0,0,0,6,2,0.03274468768432373,0,1,1
0,0,4,36,0,4,2,0,0,0,3,2,0.025254340376534675,0,4,2
0,0,25,36,1,1,2,0,0,0,4,2,0.0228394196598158,1,2,2
0,0,119,39,0,2,2,0,0,0,0,2,0.00932896152126383,1,2,2
0,0,69,41,1,1,2,0,0,1,0,2,0.01440766258110244,1,2,2
0,0,130,42,0,2,2,0,0,0,5,2,0.016110386340687274,0,2,2
0,0,2,44,0,2,1,0,0,0,0,2,0.0057466926885988145,1,2,1
0,0,25,44,0,2,2,0,0,0,0,2,0.009168512551610645,0,2,2
0,0,54,44,0,1,2,0,0,0,0,2,0.00635410664514302,1,1,2
0,0,11,45,0,1,1,0,0,0,0,2,0.007220203634393382,1,1,1
0,0,23,3,0,1,2,0,0,0,4,2,0.007858725044237696,0,1,2
0,1,44,19,2,3,2,0,0,0,4,2,0.015553726650053772,0,5,2
0,1,54,20,0,1,2,0,0,0,3,2,0.014080215704259203,0,1,2
0,1,46,22,1,0,1,0,0,0,3,2,0.014735109457945678,0,1,1
0,1,18,22,0,2,2,2,0,0,6,2,0.02275755794060499,1,2,4
0,1,18,22,0,2,2,2,0,0,6,2,0.023739898571134704,1,2,4
0,1,34,23,0,3,1,0,0,0,5,2,0.023739898571134704,0,3,1
0,1,3,26,0,1,2,0,0,1,4,2,0.027996707970096787,0,1,2
0,1,24,28,0,2,2,0,0,0,0,2,0.027996707970096787,1,2,2
0,1,22,28,2,1,2,0,0,0,7,2,0.03667405020644258,0,3,2
0,1,114,30,1,3,2,2,0,0,6,2,0.039293625221188476,0,4,4
0,1,114,30,1,3,2,0,0,0,4,2,0.03389075175327506,0,4,2
0,1,114,30,1,3,2,0,0,0,4,2,0.03389075175327506,0,4,2
0,1,114,30,2,3,2,2,0,0,6,2,0.039293625221188476,0,5,4
0,1,114,30,2,3,2,0,0,0,4,2,0.03389075175327506,0,5,2
0,1,114,30,2,3,2,0,0,0,4,2,0.03389075175327506,0,5,2
0,1,22,31,0,2,2,0,0,0,5,2,0.03423457097396046,0,2,2
0,1,91,33,2,3,3,1,0,0,7,2,0.04469649868910189,0,5,4
0,1,22,33,1,3,2,0,0,0,0,2,0.037820114275393904,0,4,2
0,1,22,33,1,3,2,0,0,0,0,2,0.035855433014334484,0,4,2
0,1,77,34,0,2,2,0,0,0,4,2,0.03503681582222639,0,2,2
0,1,26,34,1,1,3,1,0,0,7,2,0.04977192528017207,0,2,4
0,1,123,36,2,3,2,0,0,0,4,2,0.03107470861242322,0,5,2
0,1,124,36,1,3,2,0,0,0,4,2,0.030861868142475112,0,4,2
0,0,542,40,3,7,2,0,0,2,0,3,0.0036674050206442575,0,10,2
0,1,36,40,0,2,2,2,0,0,6,2,0.02766926109325355,0,2,4
0,1,69,40,0,1,2,0,0,0,4,2,0.02275755794060499,0,1,2
0,1,139,49,1,3,2,0,0,0,4,2,0.009135767863926319,0,4,2
0,1,135,49,1,3,2,0,0,0,4,2,0.009135767863926319,1,4,2
0,1,75,50,0,5,2,0,0,0,0,2,0.006188745972337184,0,5,2
0,1,76,52,1,1,2,0,0,0,6,2,0.012082789755515456,2,2,2
0,1,40,7,2,3,2,0,0,0,0,2,0.007858725044237696,0,5,2
0,1,40,7,2,3,2,0,0,0,0,2,0.007858725044237696,0,5,2
0,1,73,8,2,1,2,0,0,0,0,2,0.006876384413707983,0,3,2
0,1,211,10,0,1,1,0,0,0,0,2,0.0054519904994399,0,1,1
0,1,133,11,1,0,2,0,0,0,0,2,0.006876384413707983,2,1,2
0,1,255,14,1,0,2,0,0,0,0,2,0.008841065674767407,2,1,2
0,1,192,14,2,5,2,0,0,0,3,2,0.01122651617257039,1,7,2
0,1,55,15,1,2,2,0,0,0,0,2,0.01609892569999776,0,3,2
0,1,28,16,0,2,2,0,0,0,3,2,0.016372343842161866,1,2,2
0,1,16,17,1,1,2,0,0,0,3,2,0.01817330166479967,0,2,2
0,1,94,18,0,2,2,0,0,0,4,2,0.018828195418486144,2,2,2
0,1,7,19,0,2,1,0,0,0,0,2,0.013916492265837584,1,2,1
0,1,7,19,0,2,2,0,0,0,0,2,0.013916492265837584,1,2,2
0,1,201,19,1,1,2,0,0,0,0,2,0.012524843039253827,1,2,2
0,1,201,19,1,1,2,0,0,0,0,2,0.012524843039253827,1,2,2
0,1,201,19,1,1,2,0,0,0,0,2,0.012524843039253827,1,2,2
0,1,259,21,2,2,2,2,0,0,6,2,0.021284046994810422,0,4,4
0,1,16,21,0,3,2,1,0,0,5,2,0.031107453300107543,0,3,3
0,1,2,22,1,1,2,0,0,0,0,2,0.019646812610594238,1,2,2
0,1,12,24,0,3,2,0,0,1,4,2,0.03307213456116696,1,3,2
0,1,175,24,0,3,2,0,0,0,4,2,0.02292128137902661,1,3,2
0,1,77,24,2,5,2,2,0,3,6,2,0.050917989349123394,2,7,4
0,1,57,25,0,3,2,2,0,1,6,2,0.04715235026542617,0,3,4
0,1,244,25,1,3,2,0,0,1,0,2,0.020923855430282863,2,4,2
0,1,244,25,1,3,2,0,0,1,0,2,0.020923855430282863,2,4,2
0,1,103,26,2,1,2,0,0,0,6,2,0.034218198630118296,1,3,2
0,1,116,26,1,3,2,0,0,0,0,2,0.019646812610594238,0,4,2
0,1,59,26,2,1,2,2,0,0,6,2,0.04093085960540466,0,3,4
0,1,171,27,2,1,2,2,0,0,6,2,0.029470218915891355,0,3,4
0,1,133,27,1,1,2,0,0,0,0,2,0.02292128137902661,1,2,2
0,1,135,28,1,2,2,2,0,0,2,2,0.03247126954215963,2,3,4
0,1,4,30,0,2,2,0,0,0,0,2,0.03151676189616159,2,2,2
0,1,119,31,2,2,2,2,0,0,2,2,0.04404160493541542,2,4,4
0,1,153,32,0,1,2,0,0,0,3,2,0.0360191564527561,1,1,2
0,1,161,32,1,2,2,2,0,0,6,2,0.04911703152648559,1,3,4
0,1,188,33,1,2,2,0,0,0,4,2,0.033509276141752684,1,3,2
0,1,76,33,2,3,2,0,0,0,4,2,0.04338671118172894,1,5,2
0,1,160,33,2,3,2,0,0,0,4,2,0.03896617834434524,0,5,2
0,1,160,33,2,3,2,0,0,0,4,2,0.03896617834434524,0,5,2
0,1,17,34,1,1,2,0,0,0,3,2,0.039293625221188476,2,2,2
0,1,51,35,2,0,2,2,0,0,6,2,0.04747979714226941,1,2,4
0,1,51,35,2,0,2,2,0,0,6,2,0.04747979714226941,1,2,4
0,1,74,35,0,3,2,2,0,0,2,2,0.03820158988691628,1,3,4
0,0,0,28,1,0,2,2,0,0,6,1,0.025049686078507653,0,1,4
0,0,41,29,1,3,1,0,0,0,3,2,0.022102664186918516,0,4,1
0,0,39,30,1,2,2,0,0,0,3,2,0.017019051423927258,1,3,2
0,0,13,31,0,1,2,1,0,0,0,2,0.027505537654831932,2,1,3
0,0,69,33,1,0,2,0,0,0,0,2,0.021938940748496897,0,1,2
0,0,74,33,1,0,2,0,0,0,0,2,0.021938940748496897,0,1,2
0,0,71,33,2,6,2,0,0,1,3,2,0.03241724080748049,0,8,2
0,0,49,36,2,5,2,0,0,1,3,2,0.035789943638965836,0,7,2
0,0,41,34,0,2,3,0,0,0,0,2,0.03590455004586097,2,2,3
0,0,70,34,3,5,2,0,0,0,4,2,0.019641900907441587,1,8,2
0,0,75,34,2,1,2,0,0,0,3,2,0.01934064978074581,0,3,2
0,0,0,35,0,1,1,0,0,0,0,2,0.025049686078507653,0,1,1
0,0,37,35,2,3,2,0,0,0,0,2,0.021683532184559172,2,5,2
0,0,49,35,0,3,2,0,1,1,4,2,0.02905599861668466,2,3,3
0,0,193,35,2,3,2,0,0,0,0,2,0.017019051423927258,1,5,2
0,0,32,35,2,4,1,1,0,0,4,2,0.02532965315820862,1,6,2
0,0,0,35,0,1,2,0,0,0,0,2,0.025049686078507653,1,1,2
0,0,13,36,2,1,2,0,0,0,5,2,0.019776154126947318,0,3,2
0,0,37,36,0,2,3,0,0,0,6,2,0.01928825828045089,1,2,3
0,0,89,37,0,2,2,0,0,0,3,2,0.015881173526897007,1,2,2
0,0,0,38,0,1,1,0,0,0,0,1,0.010642023497405211,0,1,1
0,0,172,38,2,5,2,0,0,1,0,0,0.011829018425961946,1,7,2
0,0,179,39,3,6,2,0,0,0,0,0,0.009847964821060361,0,9,2
0,0,37,39,1,3,2,2,0,0,6,2,0.022102664186918516,0,4,4
0,0,81,39,0,4,2,0,0,0,0,2,0.015881173526897007,1,4,2
0,0,38,40,4,7,2,2,0,0,6,2,0.018828195418486144,1,11,4
0,0,1,42,0,1,2,0,0,0,3,2,0.01080574693582683,1,1,2
0,0,130,42,0,2,2,0,0,0,5,2,0.015128045710157563,0,2,2
0,0,0,43,0,2,1,0,0,0,6,2,0.017354684472691576,0,2,1
0,0,109,46,0,1,2,0,0,0,5,2,0.012246513193937074,2,1,2
0,0,36,45,2,6,1,0,0,0,0,3,0.005894043783178271,0,8,1
0,0,12,45,3,10,2,0,0,0,0,3,0.007858725044237696,0,13,2
0,0,5,48,2,0,1,0,0,0,0,2,0.006548937536864746,1,2,1
0,0,0,53,1,0,2,0,0,0,4,2,0.011624364127934923,0,1,2
0,0,58,52,2,4,2,0,0,0,4,2,0.009495959428453882,1,6,2
0,0,0,53,1,0,2,0,0,0,0,2,0.012279257881621397,0,1,2
0,0,29,52,2,5,2,0,0,0,3,2,0.011624364127934923,1,7,2
0,0,2,53,0,3,2,0,0,0,0,2,0.011940350364088649,0,3,2
0,0,17,1,2,1,2,0,0,0,4,2,0.009364980677716586,1,3,2
0,0,0,2,0,1,2,0,0,0,0,2,0.005108171278754501,0,1,2
0,0,0,2,2,5,2,0,0,0,0,2,0.007858725044237696,0,7,2
0,0,11,2,1,2,2,0,0,0,4,2,0.01132966193877601,1,3,2
0,0,3,2,1,2,2,0,0,0,4,2,0.008644597548661464,0,3,2
0,0,0,2,2,4,2,0,0,0,0,2,0.0062214906600215085,0,6,2
0,0,1,4,0,2,2,0,0,0,0,2,0.007367554728972839,0,2,2
0,0,0,6,1,4,2,0,0,0,0,2,0.006385214098443127,2,5,2
0,0,0,7,0,1,2,0,0,0,0,2,0.009495959428453882,0,1,2
0,0,0,8,0,1,2,0,0,0,3,2,0.007531278167394457,0,1,2
0,0,24,9,1,1,2,0,0,0,0,2,0.006051218284063025,2,2,2
0,0,24,9,1,1,2,0,0,0,0,2,0.006051218284063025,2,2,2
0,0,4,13,2,1,2,0,0,0,3,2,0.0070401078521296016,0,3,2
0,0,6,14,1,3,2,0,0,1,4,2,0.01596303524610782,0,4,2
0,0,2,15,1,1,2,0,0,0,4,2,0.014243939142680821,1,2,2
0,0,1,15,0,2,2,0,0,0,4,2,0.013916492265837584,1,2,2
0,0,19,15,1,3,2,0,0,0,5,2,0.01653606728058348,0,4,2
0,0,26,15,2,2,3,1,0,0,7,2,0.023965836916156537,1,4,4
0,0,27,16,2,2,3,1,0,0,6,2,0.022266387625340136,0,4,4
0,0,8,16,0,1,1,0,0,0,6,2,0.015758380948080793,0,1,1
0,0,79,17,1,2,2,0,0,0,6,2,0.01915564229532938,0,3,2
0,0,79,17,1,2,2,0,0,0,5,2,0.0166997907190051,0,3,2
0,0,9,18,1,1,2,0,0,0,0,2,0.008194358093002013,1,2,2
0,0,113,18,0,2,1,0,0,0,6,2,0.012821182462796956,1,2,1
0,0,113,18,0,2,2,0,0,0,6,2,0.012821182462796956,1,2,2
0,0,179,18,0,2,2,0,0,0,0,2,0.008546363485608494,1,2,2
0,0,179,18,0,2,2,0,0,0,0,2,0.009528704116138206,1,2,2
0,0,1,18,0,3,1,0,0,0,4,2,0.014898832896367295,1,3,1
0,0,33,18,1,4,1,0,0,0,0,2,0.006074139565442052,0,5,1
0,0,0,18,0,1,2,0,0,0,4,2,0.013916492265837584,0,1,2
0,0,0,19,1,0,2,0,0,0,5,2,0.018828195418486144,1,1,2
0,0,13,19,2,0,2,0,0,0,3,2,0.011788087566356542,0,2,2
0,0,67,19,2,4,2,0,0,0,3,2,0.012415148335511342,1,6,2
0,0,77,20,0,5,2,0,0,1,5,2,0.005566596906335034,1,5,2
0,0,68,21,1,2,2,0,0,0,0,2,0.009168512551610645,0,3,2
0,0,129,22,2,1,2,0,0,0,3,2,0.010756629904300345,2,3,2
0,0,40,22,1,1,2,0,0,0,4,2,0.01817330166479967,2,2,2
0,0,129,22,2,1,2,0,0,0,3,2,0.011738970534830057,2,3,2
0,0,49,22,0,1,2,0,0,0,5,3,0.017190961034269956,1,1,2
0,0,49,22,0,1,2,0,0,0,5,3,0.017190961034269956,1,1,2
0,0,39,22,1,1,2,0,0,0,5,2,0.019810536049015854,1,2,2
0,0,5,22,1,1,2,2,0,0,6,2,0.023739898571134704,0,2,4
0,0,136,23,2,0,2,0,0,0,3,2,0.011133193812670068,0,2,2
0,0,59,23,2,0,3,0,0,0,6,2,0.023739898571134704,0,2,3
0,0,65,23,1,1,2,0,0,0,4,2,0.015553726650053772,0,2,2
0,0,1,23,0,2,1,0,0,0,5,2,0.026359473585880602,0,2,1
0,0,2,23,0,1,2,0,0,0,3,1,0.020301706364280712,0,1,2
0,0,34,23,0,3,2,0,0,0,5,2,0.027559566389511066,0,3,2
0,0,34,23,0,3,2,0,0,0,5,2,0.025704579832194128,0,3,2
0,0,129,24,2,1,2,0,0,0,0,2,0.010085363806771708,2,3,2
0,0,124,24,1,1,3,0,0,0,2,2,0.022102664186918516,2,2,3
0,0,124,24,1,1,3,0,0,0,2,2,0.022102664186918516,2,2,3
0,0,0,23,2,3,2,0,0,0,5,2,0.019646812610594238,0,5,2
0,0,0,25,1,0,1,0,0,0,0,2,0.01784585478795643,0,1,1
0,0,0,25,1,0,2,0,0,0,5,2,0.026032026709037363,0,1,2
0,0,74,25,1,1,2,0,0,0,6,2,0.02447992851280042,1,2,2
0,0,56,25,1,1,3,0,0,0,0,2,0.026850643901145457,1,2,3
0,0,56,25,1,1,2,0,0,0,0,2,0.021120323556388803,1,2,2
0,0,160,25,2,5,2,0,0,1,3,2,0.01940122745296181,2,7,2
0,0,5,26,1,2,2,0,0,0,5,2,0.030179141404256964,2,3,2
0,0,161,25,2,4,2,0,0,0,4,2,0.01907378057611857,3,6,2
0,0,57,25,2,2,2,1,0,0,0,2,0.019810536049015854,1,4,3
0,0,57,25,2,2,2,0,0,0,0,2,0.01616768954413484,1,4,2
0,0,48,26,1,1,2,2,0,0,6,3,0.030943729861685924,0,2,4
0,0,48,26,1,1,2,2,0,0,6,3,0.03290841112274535,0,2,4
0,0,0,26,0,1,2,0,0,0,4,2,0.02275755794060499,0,1,2
0,0,8,26,0,2,2,3,0,0,7,2,0.030452559546421065,0,2,5
0,0,3,26,0,1,2,0,0,0,0,2,0.016110386340687274,0,1,2
0,0,25,26,1,1,2,0,0,0,5,2,0.021305331041805233,1,2,2
0,0,170,27,0,1,2,0,0,0,0,2,0.017534780254955355,2,1,2
0,0,170,27,0,1,2,0,0,0,0,2,0.01949946151601478,2,1,2
0,0,0,28,1,0,2,0,0,0,0,2,0.015658509650643606,0,1,2
0,0,25,28,1,0,2,0,0,0,0,2,0.021447770433232042,1,1,2
0,0,29,28,0,1,2,0,0,0,2,2,0.024709141326590682,1,1,2
0,0,8,28,0,2,3,1,0,0,6,3,0.035855433014334484,0,2,4
0,0,8,28,0,2,2,2,0,0,7,3,0.03667405020644258,0,2,4
0,0,61,28,0,2,2,2,0,0,2,2,0.031107453300107543,1,2,4
0,0,61,28,0,2,2,0,0,0,5,2,0.03143490017695078,1,2,2
0,0,14,28,0,2,2,0,0,0,0,2,0.022009341827018195,1,2,2
0,0,30,28,0,3,1,0,0,0,4,2,0.023952739041082808,1,3,1
0,0,0,29,0,1,2,0,0,0,3,2,0.026359473585880602,0,1,2
0,0,2,29,0,1,2,0,0,0,0,2,0.026359473585880602,0,1,2
0,0,38,29,0,3,2,0,0,0,5,2,0.03470936894538315,1,3,2
0,0,0,29,0,1,2,0,0,0,0,2,0.024722239201664414,0,1,2
0,0,25,29,0,1,2,0,0,0,0,2,0.02539350529919305,0,1,2
0,0,22,29,1,3,2,2,0,0,2,2,0.030534421265631877,0,4,4
0,0,14,30,1,1,2,0,0,0,3,2,0.027376196138478855,0,2,2
0,0,97,30,0,1,2,0,0,0,4,2,0.03765639083697229,2,1,2
0,0,94,30,0,2,2,0,0,0,0,2,0.026195750147458983,1,2,2
0,0,130,31,1,2,4,0,0,0,0,2,0.03405447519169668,0,3,4
0,0,61,31,0,2,2,0,0,0,5,2,0.025843744754852502,1,2,2
0,0,92,31,0,4,2,0,0,0,3,2,0.03499588496262098,1,4,2
0,0,1,31,0,1,2,0,0,0,3,2,0.036182879891177716,1,1,2
0,0,38,31,0,2,2,0,0,0,3,2,0.031762347053794014,1,2,2
0,0,1,31,0,1,2,0,0,0,3,2,0.031762347053794014,1,1,2
0,0,0,32,2,2,2,0,0,0,5,2,0.038925247484739835,1,4,2
0,0,7,31,0,2,2,0,0,0,5,2,0.03619925223501988,0,2,2
0,0,0,31,1,5,2,0,0,0,0,2,0.029470218915891355,0,6,2
0,0,27,31,2,2,2,2,0,0,6,2,0.04322298774330732,0,4,4
0,0,0,32,1,0,2,0,0,0,0,2,0.016780015203831693,0,1,2
0,0,113,31,2,5,2,0,0,0,4,2,0.031729602366109694,2,7,2
0,0,113,31,2,5,2,0,0,0,4,2,0.02976492110505027,2,7,2
0,0,23,32,2,2,3,0,0,0,0,2,0.043877881496993794,3,4,3
0,0,151,33,1,2,2,0,0,0,6,2,0.033481443157221014,0,3,2
0,0,151,33,1,2,2,0,0,0,0,2,0.021758844966233117,2,3,2
0,0,22,33,0,1,1,0,0,0,4,2,0.032021030086500174,1,1,1
0,0,37,33,0,3,3,0,0,0,0,2,0.03076035961065371,1,3,3
0,0,32,33,0,2,1,0,0,0,4,2,0.041585753359091135,1,2,1
0,0,12,34,0,2,2,0,0,0,0,2,0.036182879891177716,0,2,2
0,0,0,35,0,1,2,0,0,0,0,2,0.02735654932586826,0,1,2
0,0,217,35,1,2,2,2,0,0,2,2,0.028487878285361642,1,3,4
0,0,25,35,0,2,2,2,0,0,6,2,0.050917989349123394,1,2,4
0,0,69,35,0,2,2,0,0,0,0,2,0.02382667199349816,1,2,2
0,0,18,35,0,2,2,0,0,0,3,2,0.02511026375072365,1,2,2
0,0,15,35,1,1,2,0,0,0,3,2,0.028073657986154948,1,2,2
0,0,95,36,0,3,2,0,0,0,5,2,0.03203576519595812,0,3,2
0,0,219,36,1,3,2,0,0,0,0,2,0.015226279773210533,0,4,2
0,0,219,36,1,3,2,0,0,0,0,2,0.01326159851215111,0,4,2
0,0,219,36,1,3,2,0,0,0,0,2,0.010609278809720887,1,4,2
0,0,1,36,0,1,2,0,0,0,0,2,0.026359473585880602,1,1,2
0,0,1,36,0,1,2,0,0,0,3,2,0.02521340951692927,1,1,2
0,0,16,36,0,2,2,0,0,0,6,2,0.03423457097396046,1,2,2
0,0,1,36,0,1,2,0,0,0,3,2,0.026850643901145457,0,1,2
0,0,50,36,1,4,2,0,0,0,6,2,0.03912990178276685,0,5,2
0,0,61,36,1,1,2,0,0,0,4,2,0.029633942354312975,1,2,2
0,0,237,37,1,0,3,0,0,0,4,2,0.025704579832194128,2,1,3
0,0,211,36,1,1,2,0,1,0,4,2,0.0154554925870008,2,2,3
0,0,228,36,2,2,2,0,0,0,4,2,0.018296094243615883,0,4,2
0,0,54,37,0,1,2,0,0,0,0,2,0.022692068565236343,0,1,2
0,0,205,37,0,3,2,1,0,0,2,2,0.02391999435339848,0,3,3
0,0,71,38,1,1,2,0,0,0,7,2,0.027341814216410312,1,2,2
0,0,10,38,0,2,2,0,1,0,4,2,0.021120323556388803,0,2,3
0,0,145,38,0,3,2,0,0,0,0,2,0.021447770433232042,1,3,2
0,0,55,38,2,1,4,0,0,0,7,2,0.033672999580174306,0,3,4
0,0,35,39,2,0,1,0,0,0,0,2,0.008503795391618873,1,2,1
0,0,146,40,0,1,2,0,0,0,4,3,0.019008291200749924,0,1,2
0,0,146,40,0,1,1,0,0,0,4,3,0.019008291200749924,0,1,1
0,0,146,40,0,1,2,0,0,0,4,3,0.019008291200749924,0,1,2
0,0,146,40,0,1,2,0,0,0,4,3,0.019008291200749924,0,1,2
0,0,146,40,0,1,2,0,0,0,4,3,0.019008291200749924,0,1,2
0,0,146,40,0,1,2,0,0,0,4,3,0.019008291200749924,0,1,2
0,0,0,40,0,1,1,0,0,0,3,2,0.022266387625340136,1,1,1
0,0,12,40,0,1,2,0,0,0,4,2,0.02390362200955632,0,1,2
0,0,12,41,1,0,2,0,0,0,6,2,0.03241724080748049,0,1,2
0,0,0,41,0,1,2,0,0,0,0,2,0.011377141735918278,2,1,2
0,0,0,41,0,1,2,0,0,0,3,2,0.017190961034269956,0,1,2
0,0,0,41,1,2,2,0,0,0,4,2,0.020301706364280712,0,3,2
0,0,59,41,0,1,2,0,0,0,4,2,0.01458775836336622,0,1,2
0,0,17,41,0,2,2,2,0,0,6,2,0.026359473585880602,0,2,4
0,0,100,41,1,3,2,0,0,0,6,2,0.025884675614457908,0,4,2
0,0,12,42,1,1,2,0,0,0,0,2,0.01080574693582683,2,2,2
0,0,2,42,0,1,1,0,0,0,0,2,0.007688452668279212,1,1,1
0,0,0,42,0,2,2,0,0,0,4,2,0.01571745008847539,0,2,2
0,0,0,42,0,0,2,0,0,0,3,2,0.0,0,0,2
0,0,68,43,1,0,2,0,0,0,0,2,0.008841065674767407,0,1,2
0,0,3,42,2,1,2,0,0,0,3,2,0.014735109457945678,2,3,2
0,0,2,43,1,1,2,0,0,0,0,2,0.006982804648682035,0,2,2
0,0,1,43,0,1,2,0,0,0,0,1,0.006982804648682035,0,1,2
0,0,28,43,0,2,2,0,0,0,0,2,0.0071858217123248426,1,2,2
0,0,28,43,0,2,2,0,0,0,0,2,0.0071858217123248426,1,2,2
0,0,28,43,0,2,2,0,0,0,0,2,0.0071858217123248426,1,2,2
0,0,28,43,0,2,2,0,0,0,0,2,0.0071858217123248426,1,2,2
0,0,28,43,0,2,2,0,0,0,0,2,0.0071858217123248426,1,2,2
0,0,0,44,0,2,2,0,0,0,0,2,0.008215642139996824,0,2,2
0,0,0,45,0,3,2,0,0,0,5,2,0.01571745008847539,0,3,2
0,0,108,45,1,5,2,0,0,0,4,2,0.008426845375560712,0,6,2
0,0,25,46,0,2,2,0,0,1,3,2,0.016372343842161866,1,2,2
0,0,13,46,1,4,2,0,0,0,3,2,0.00605776722159989,0,5,2
0,0,51,46,0,2,3,0,0,0,7,2,0.015226279773210533,1,2,3
0,0,113,47,2,4,2,0,0,0,3,2,0.006174010862879239,1,6,2
0,0,54,47,2,3,2,0,0,0,0,2,0.004747979714226941,0,5,2
0,0,0,49,0,1,2,0,0,0,4,2,0.010314576620561974,0,1,2
0,0,1,49,0,1,2,0,0,0,0,2,0.01080574693582683,0,1,2
0,0,155,50,2,5,2,0,0,0,4,2,0.01011810849445603,2,7,2
0,0,0,51,1,0,2,0,0,0,0,2,0.006730670553512742,1,1,2
0,0,16,51,0,1,1,0,0,0,3,2,0.006876384413707983,0,1,1
0,0,5,52,1,0,2,0,0,0,0,2,0.00574832992298303,1,1,2
0,0,35,52,1,1,1,0,0,0,0,2,0.0049117031526485595,0,2,1
0,0,0,52,0,1,2,0,0,0,0,2,0.014735109457945678,0,1,2
0,0,36,53,0,1,2,0,0,0,5,2,0.012279257881621397,0,1,2
0,0,16,53,0,1,1,0,0,0,0,2,0.009823406305297119,1,1,1
0,0,10,53,0,1,2,2,0,0,6,2,0.029470218915891355,0,1,4
0,0,1,1,0,2,2,0,0,0,4,2,0.010478300058983593,1,2,2
0,0,54,53,2,6,2,2,0,0,6,2,0.035241470120253415,0,8,4
0,0,0,2,1,0,2,0,0,0,0,2,0.005638635219240545,0,1,2
0,0,0,2,1,0,2,0,0,0,0,2,0.005073789356685962,0,1,2
0,0,12,2,0,2,2,0,0,0,0,3,0.007858725044237696,2,2,2
0,0,0,4,0,1,1,0,0,0,0,2,0.0006548937536864746,0,1,1
0,0,1,4,0,3,1,0,0,0,0,2,0.005149102138359906,1,3,1
0,0,17,4,0,3,2,0,0,0,0,2,0.007858725044237696,1,3,2
0,0,80,5,1,1,2,0,0,0,3,2,0.011296917251091686,0,2,2
0,0,1,5,0,1,2,0,0,0,5,2,0.009202894473679184,1,1,2
0,0,56,5,0,4,1,0,0,0,0,2,0.004846213777279912,0,4,1
0,0,0,6,0,1,2,0,0,0,4,2,0.011133193812670068,0,1,2
0,0,22,7,1,0,2,2,0,0,2,2,0.011961634411083458,1,1,4
0,0,0,7,0,2,2,0,0,0,0,2,0.008570922001371736,1,2,2
0,0,27,7,0,2,2,2,0,0,6,2,0.015553726650053772,1,2,4
0,0,0,7,0,1,2,0,0,0,3,2,0.011133193812670068,0,1,2
0,0,1,7,0,2,2,0,0,0,3,2,0.011133193812670068,1,2,2
0,0,24,8,1,0,2,0,0,0,3,3,0.007858725044237696,0,1,2
0,0,21,8,1,0,2,0,0,0,4,2,0.01211553444319978,0,1,2
0,0,65,7,2,3,2,0,0,0,0,2,0.007858725044237696,1,5,2
0,0,88,8,1,1,2,2,0,0,6,2,0.014571386019524058,1,2,4
0,0,88,8,1,1,2,2,0,0,6,2,0.013425321950572729,1,2,4
0,0,88,8,1,1,2,2,0,0,6,2,0.014571386019524058,1,2,4
0,0,19,9,1,0,2,0,0,1,5,2,0.014383104065339197,1,1,2
0,0,53,8,2,3,2,2,0,0,6,2,0.014800598833314325,2,5,4
0,0,53,8,2,3,2,0,0,0,4,2,0.01185357694172519,2,5,2
0,0,13,10,2,0,2,0,0,0,4,2,0.014243939142680821,0,2,2
0,0,77,10,0,1,2,0,0,0,4,2,0.008186171921080933,0,1,2
0,0,9,10,0,1,2,0,0,0,0,3,0.010642023497405211,2,1,2
0,0,0,12,1,0,2,0,0,0,5,3,0.016372343842161866,0,1,2
0,0,0,12,1,0,2,0,0,0,5,3,0.016372343842161866,0,1,2
0,0,241,12,2,5,2,0,0,0,3,3,0.006810895038339336,0,7,2
0,0,0,13,0,1,2,0,0,0,5,2,0.016372343842161866,0,1,2
0,0,0,13,0,1,2,0,0,0,5,2,0.016372343842161866,0,1,2
0,0,63,14,0,2,2,0,0,0,0,2,0.009823406305297119,2,2,2
0,0,151,14,0,5,1,0,0,0,0,3,0.006876384413707983,0,5,1
0,0,14,14,0,3,2,0,0,0,4,2,0.01800957822637805,0,3,2
0,0,0,14,0,1,2,0,0,0,4,2,0.01800957822637805,2,1,2
0,0,21,15,0,1,2,0,0,0,4,2,0.016208620403740246,1,1,2
0,0,0,16,1,0,2,0,0,0,3,2,0.016044896965318627,0,1,2
0,0,0,16,0,2,2,0,0,0,0,2,0.014898832896367295,0,2,2
0,0,0,16,0,1,2,0,0,0,0,2,0.013220667652545705,0,1,2
0,0,84,16,1,5,1,0,0,0,4,3,0.018762706043117496,0,6,1
0,0,85,16,1,4,2,0,0,0,4,3,0.01221376850625275,1,5,2
0,0,0,16,1,3,2,0,0,0,0,2,0.01221376850625275,0,4,2
0,0,1,17,0,1,2,0,0,0,4,2,0.017518407911113195,0,1,2
0,0,96,19,2,0,2,0,0,0,4,3,0.018214232524405075,1,2,2
0,0,35,18,2,2,2,0,0,0,6,2,0.02282304731597364,1,4,2
0,0,96,19,2,0,2,0,0,0,4,3,0.019360296593356405,1,2,2
0,0,42,19,0,2,2,0,0,0,3,3,0.017354684472691576,1,2,2
0,0,319,19,2,2,2,0,1,0,0,2,0.009086650832399835,3,4,3
0,0,12,20,0,2,2,0,0,0,0,2,0.013916492265837584,1,2,2
0,0,106,19,2,5,1,0,0,0,5,2,0.015758380948080793,0,7,1
0,0,120,20,1,4,2,0,0,0,3,2,0.016372343842161866,2,5,2
0,0,93,20,0,3,2,0,0,0,2,2,0.020137982925859093,2,3,2
0,0,25,21,0,1,2,0,0,0,3,2,0.012442981320043017,1,1,2
0,0,8,21,0,1,1,0,0,0,4,2,0.011788087566356542,1,1,1
0,0,1,21,0,1,1,0,0,0,0,2,0.013097875073729491,0,1,1
0,0,203,21,0,3,2,0,0,0,0,3,0.009004789113189025,0,3,2
0,0,39,21,1,2,2,0,0,0,2,2,0.01817330166479967,1,3,2
0,0,1,22,0,2,2,0,0,0,0,2,0.01686351415742672,1,2,2
0,0,10,22,1,0,3,1,0,1,7,2,0.02917551672673244,1,1,4
0,0,9,21,2,1,1,1,0,1,4,2,0.023081730348679795,1,3,2
0,0,2,22,2,0,2,0,0,1,4,2,0.026032026709037363,0,2,2
0,0,32,21,2,2,2,2,0,0,6,2,0.027014367339567077,1,4,4
0,0,112,22,2,1,2,0,0,0,4,2,0.01915564229532938,1,3,2
0,0,83,22,0,2,2,0,0,0,0,2,0.022430111063761752,2,2,2
0,0,110,22,0,2,2,0,0,0,4,2,0.017649386661850487,0,2,2
0,0,0,22,0,3,2,0,0,0,3,2,0.015457129821385016,1,3,2
0,0,130,22,1,3,1,0,0,0,0,2,0.019974259487437473,1,4,1
0,0,83,23,0,1,2,0,0,0,0,2,0.01571745008847539,1,1,2
0,0,50,23,0,1,2,0,0,0,4,2,0.027014367339567077,0,1,2
0,0,21,24,0,1,2,0,0,0,0,2,0.02292128137902661,1,1,2
0,0,17,24,0,2,2,2,0,0,6,2,0.03831128459065876,2,2,4
0,0,146,24,0,2,2,0,0,0,4,3,0.02521340951692927,1,2,2
0,0,146,24,0,2,2,0,0,0,4,3,0.023248728255869846,1,2,2
0,0,146,24,0,2,2,0,0,0,4,3,0.02292128137902661,1,2,2
0,0,1,25,0,2,2,0,0,0,0,2,0.015196809554294642,0,2,2
0,0,57,25,0,3,2,0,0,1,6,3,0.04715235026542617,2,3,2
0,0,57,25,0,3,2,2,0,1,2,3,0.040603412728561425,2,3,4
0,0,33,25,0,3,2,0,0,0,2,3,0.03099775859636506,1,3,2
0,0,33,25,0,3,2,2,0,0,2,3,0.029470218915891355,1,3,4
0,0,247,25,1,3,3,0,0,1,7,2,0.03470936894538315,1,4,3
0,0,19,25,1,1,2,0,0,0,4,2,0.02537713295535089,2,2,2
0,0,104,25,2,5,1,0,0,0,0,2,0.01817330166479967,1,7,1
0,0,64,25,2,5,2,0,0,1,0,2,0.031762347053794014,1,7,2
0,0,44,25,2,2,2,0,0,0,0,2,0.021284046994810422,1,4,2
0,0,112,26,0,1,2,1,0,0,0,2,0.019794163705173694,1,1,3
0,0,28,26,0,1,2,0,0,0,0,2,0.020956600117967187,1,1,2
0,0,45,26,0,1,2,0,0,0,0,2,0.024558515763242795,1,1,2
0,0,0,27,1,0,2,0,0,0,0,2,0.019276797639761378,1,1,2
0,0,1,27,1,0,2,0,0,0,5,2,0.028324154846940026,1,1,2
0,0,133,27,1,1,2,0,0,0,4,2,0.027832984531675167,0,2,2
0,0,159,27,2,1,2,0,0,0,3,2,0.015758380948080793,1,3,2
0,0,72,27,0,2,2,0,0,0,3,2,0.02652319702430222,1,2,2
0,0,57,27,0,3,2,0,0,0,6,2,0.03274468768432373,1,3,2
0,0,0,28,1,0,1,0,0,0,6,2,0.026195750147458983,0,1,1
0,0,153,28,2,1,2,0,0,0,0,2,0.019646812610594238,1,3,2
0,0,10,27,2,2,2,0,0,0,3,2,0.0289790486006265,0,4,2
0,0,21,28,0,2,2,0,0,0,0,2,0.027382745076015718,1,2,2
0,0,0,28,0,1,2,0,0,0,3,2,0.01571745008847539,1,1,2
0,0,164,28,2,4,2,0,0,0,4,2,0.03028883610799945,1,6,2
0,0,0,28,0,1,2,0,0,0,0,2,0.023248728255869846,1,1,2
0,0,89,28,0,3,2,0,0,0,3,2,0.03301810582648783,1,3,2
0,0,0,28,0,1,2,1,0,0,0,2,0.024181951854873072,1,1,3
0,0,0,29,1,0,3,0,0,0,0,2,0.026195750147458983,0,1,3
0,0,0,28,2,1,2,0,0,0,3,2,0.027505537654831932,0,3,2
0,0,0,28,2,1,3,0,0,0,3,2,0.03361733361111096,0,3,3
0,0,33,28,2,5,2,0,0,0,5,2,0.03959815081665269,0,7,2
0,0,39,28,2,2,1,1,0,0,0,2,0.03342577718815766,1,4,2
0,0,39,28,2,2,2,1,0,0,0,2,0.03604535220290356,1,4,3
0,0,199,28,2,3,2,0,0,0,0,2,0.024558515763242795,1,5,2
0,0,32,29,0,1,2,0,0,0,0,2,0.031107453300107543,1,1,2
0,0,1,29,0,1,2,0,0,0,5,2,0.03732894396012905,1,1,2
0,0,17,29,0,2,2,0,0,0,3,2,0.025639090456825477,1,2,2
0,0,6,29,0,2,2,0,0,0,0,2,0.02328311017793839,1,2,2
0,0,9,29,0,2,3,0,0,0,0,2,0.03634660332959934,1,2,3
0,0,6,30,0,2,2,0,0,0,4,2,0.037820114275393904,1,2,2
0,0,0,30,1,2,2,0,0,0,0,2,0.01724171530018066,0,3,2
0,0,0,30,1,2,2,0,0,0,0,2,0.016819308829052883,0,3,2
0,0,281,31,2,1,2,2,0,0,2,2,0.027872278156896357,1,3,4
0,0,60,30,2,3,2,0,0,0,5,2,0.04420532837383703,1,5,2
0,0,76,31,0,2,2,0,0,0,3,2,0.04093085960540466,3,2,2
0,0,0,31,0,0,2,0,0,0,0,2,0.0,0,0,2
0,0,112,31,2,3,2,0,0,0,5,2,0.040275965851718186,1,5,2
0,0,117,31,0,4,2,2,0,0,7,2,0.05165474482202068,1,4,4
0,0,29,31,0,2,3,0,0,0,0,2,0.02888081453757353,1,2,3
0,0,3,31,0,2,2,0,0,0,0,2,0.026850643901145457,1,2,2
0,0,2,32,0,1,2,2,0,0,6,2,0.03765639083697229,1,1,4
0,0,27,32,0,2,1,0,0,0,4,2,0.03798383771381553,1,2,1
0,0,27,32,0,2,2,0,0,0,3,2,0.03307213456116696,1,2,2
0,0,3,32,0,1,2,2,0,0,6,2,0.05304639404860444,1,1,4
0,0,27,33,1,0,2,0,0,0,0,2,0.029666687041997295,2,1,2
0,0,6,33,1,1,2,2,0,0,7,2,0.04911703152648559,1,2,4
0,0,220,33,2,1,2,2,0,0,2,2,0.04131233521692703,2,3,4
0,0,212,32,2,4,2,0,0,0,4,2,0.03334555270333107,4,6,2
0,0,212,32,2,4,2,0,0,0,4,2,0.03334555270333107,4,6,2
0,0,212,32,2,4,2,0,0,0,4,2,0.035637680841233726,4,6,2
0,0,173,32,2,4,2,0,0,0,3,2,0.03274468768432373,4,6,2
0,0,5,33,0,1,2,0,0,0,0,2,0.03438192206853991,2,1,2
0,0,77,33,0,2,2,0,0,0,3,2,0.03536426269906963,2,2,2
0,0,35,33,0,2,2,0,0,0,5,2,0.036477582080336635,1,2,2
0,0,77,33,0,2,2,0,0,0,3,2,0.03274468768432373,2,2,2
0,0,19,33,0,2,2,0,0,0,5,2,0.03798383771381553,1,2,2
0,0,6,33,0,2,2,0,0,0,3,2,0.03765639083697229,0,2,2
0,0,24,33,0,1,2,0,0,0,3,2,0.04093085960540466,4,1,2
0,0,176,33,0,2,2,2,0,1,6,2,0.0456788393196316,1,2,4
0,0,28,34,2,0,2,0,0,0,3,2,0.04093085960540466,1,2,2
0,0,194,33,2,2,2,0,0,0,0,2,0.02046542980270233,0,4,2
0,0,64,34,0,4,2,0,0,0,4,2,0.04338671118172894,1,4,2
0,0,49,34,1,2,2,0,0,0,0,2,0.02586666603623153,1,3,2
0,0,30,34,1,1,2,0,0,0,0,2,0.02979766579273459,1,2,2
0,0,92,34,2,4,3,2,0,0,7,2,0.05375531653697004,2,6,5
0,0,125,35,1,1,2,0,0,0,2,2,0.0333995814380102,1,2,2
0,0,125,35,1,1,2,2,0,0,2,2,0.03747465782032429,1,2,4
0,0,21,35,0,2,2,1,0,0,0,2,0.030452559546421065,2,2,3
0,0,45,35,0,2,2,0,0,0,3,2,0.03503681582222639,2,2,2
0,0,126,35,0,5,2,0,0,0,4,2,0.039391859284241444,1,5,2
1,0,0,32,0,1,2,0,0,2,0,2,0.01326159851215111,0,1,2
1,0,1,33,1,0,2,0,0,2,0,0,0.01571745008847539,2,1,2
1,0,5,33,4,15,2,0,0,0,0,2,0.012279257881621397,2,19,2
1,0,39,33,0,2,1,0,0,1,0,3,0.014243939142680821,0,2,1
1,0,3,36,0,1,2,0,0,0,0,0,0.023412451694291465,1,1,2
1,0,82,36,0,1,2,0,0,0,0,2,0.014612316879129464,2,1,2
1,0,0,37,1,1,2,0,0,0,0,0,0.02185707902928609,1,2,2
1,0,52,37,1,1,2,0,0,0,0,2,0.011912517379556974,2,2,2
1,0,8,37,0,2,2,0,0,0,0,2,0.013237039996387865,2,2,2
1,0,0,37,0,3,2,0,0,0,0,0,0.024885962640086034,2,3,2
1,0,0,37,0,3,2,0,0,0,0,0,0.024885962640086034,2,3,2
1,0,17,37,0,2,2,0,0,2,0,2,0.01210243656812605,0,2,2
1,0,34,37,0,3,2,0,0,0,0,0,0.023870877321872,2,3,2
1,0,18,38,0,3,2,0,0,2,0,2,0.01210243656812605,1,3,2
1,0,12,38,2,7,1,0,0,0,0,2,0.021320066151263178,1,9,1
1,0,12,38,2,7,1,0,0,0,0,2,0.021320066151263178,1,9,1
1,0,15,38,0,2,2,0,0,2,3,0,0.018828195418486144,2,2,2
1,0,23,38,1,4,2,0,0,0,3,2,0.011133193812670068,1,5,2
1,0,42,38,2,4,1,0,0,0,0,2,0.017109099315059148,0,6,1
1,0,32,38,2,2,1,0,0,2,0,0,0.023171778239811685,2,4,1
1,0,41,38,2,3,2,0,0,0,0,2,0.012181023818568427,0,5,2
1,0,32,39,0,4,2,0,0,0,0,2,0.025508111706088184,1,4,2
1,0,62,40,4,5,2,0,0,0,0,0,0.021531269386827066,3,9,2
1,0,42,40,0,1,2,0,0,0,0,2,0.014145705079627851,1,1,2
1,0,51,40,2,6,1,0,0,0,0,2,0.01131656406370228,1,8,1
1,0,27,41,1,0,2,0,0,0,0,2,0.013237039996387865,1,1,2
1,0,28,41,1,0,2,0,0,0,0,0,0.015471864930842962,2,1,2
1,0,93,41,0,4,2,0,0,0,0,2,0.014612316879129464,1,4,2
1,0,45,42,2,2,2,0,0,0,3,2,0.012858838853633928,2,4,2
1,0,57,43,0,1,2,0,0,0,0,0,0.015471864930842962,1,1,2
1,0,62,44,0,1,2,2,0,2,5,0,0.0228394196598158,1,1,4
1,0,233,45,1,1,2,0,0,0,0,3,0.009823406305297119,1,2,2
1,0,6,51,0,2,1,0,0,0,3,2,0.012228503615710696,0,2,1
1,0,10,52,2,2,2,0,0,2,0,2,0.008572559235755952,1,4,2
1,0,4,52,2,5,2,0,0,0,3,2,0.015132957413310211,1,7,2
1,0,21,53,2,2,2,2,0,0,5,2,0.030616282984842685,1,4,4
1,0,0,53,1,0,2,0,0,0,0,2,0.012228503615710696,1,1,2
1,0,30,1,0,2,2,0,0,2,0,2,0.015062556334788915,1,2,2
1,0,0,1,0,1,2,0,0,0,0,2,0.012225229146942265,0,1,2
1,0,2,2,2,0,2,0,0,0,0,2,0.011077527843606716,0,2,2
1,0,1,2,0,1,2,0,0,0,0,3,0.014571386019524058,0,1,2
1,0,23,3,1,0,1,0,0,2,0,2,0.009987129743718737,0,1,1
1,0,23,3,1,0,2,0,0,2,0,2,0.010150853182140356,0,1,2
1,0,9,3,0,2,2,0,0,0,0,2,0.013146992105255976,1,2,2
1,0,11,4,2,0,2,0,0,0,0,2,0.016044896965318627,2,2,2
1,1,11,6,2,5,2,0,0,2,0,2,0.012934151635307872,0,7,2
1,0,53,6,2,3,2,0,0,0,0,2,0.010764816076221425,0,5,2
1,0,31,6,0,1,2,0,0,0,0,2,0.013146992105255976,1,1,2
1,0,31,6,0,1,2,0,0,0,0,2,0.014620503051050544,1,1,2
1,1,9,6,0,1,1,0,0,0,0,2,0.012934151635307872,0,1,1
1,1,35,7,0,3,2,0,0,2,0,2,0.011051332093459258,0,3,2
1,0,37,7,1,2,0,2,0,0,1,2,0.011378778970302495,1,3,2
1,1,22,7,2,2,2,0,0,0,3,2,0.013228853824466785,0,4,2
1,1,1,9,1,0,2,0,0,2,0,2,0.013916492265837584,0,1,2
1,1,10,9,0,3,2,0,0,0,0,2,0.015226279773210533,0,3,2
1,1,4,10,2,1,2,0,0,0,3,2,0.019319365733751,0,3,2
1,1,70,11,0,2,2,0,0,2,0,2,0.011051332093459258,1,2,2
1,1,30,11,0,3,2,2,0,0,1,2,0.012688566477675444,0,3,4
1,1,29,11,0,3,2,2,0,0,1,2,0.012688566477675444,2,3,4
1,0,87,11,1,4,1,0,0,0,0,2,0.008787036940088273,1,5,1
1,1,35,11,0,1,1,0,0,0,0,2,0.011640736471777085,0,1,1
1,1,2,11,0,1,2,0,0,2,0,2,0.014571386019524058,0,1,2
1,1,69,11,1,1,2,2,0,0,5,2,0.024607632794769282,1,2,4
1,1,69,11,1,1,2,2,0,0,5,2,0.024607632794769282,1,2,4
1,1,69,11,1,1,2,0,0,0,0,2,0.011935438660936,1,2,2
1,1,35,12,1,2,2,0,0,2,0,2,0.011640736471777085,0,3,2
1,0,72,12,0,3,2,0,0,0,0,2,0.013310715543677595,1,3,2
1,0,71,12,0,2,2,0,0,0,1,3,0.011305103423012766,0,2,2
1,0,71,12,0,2,2,0,0,0,1,3,0.011296917251091686,1,2,2
1,0,75,13,1,1,2,0,0,0,1,3,0.012794986712649498,0,2,2
1,0,75,13,1,1,2,0,0,0,1,3,0.012770428196886254,0,2,2
1,0,78,13,1,5,2,2,0,0,5,2,0.0253280159238244,0,6,4
1,0,89,13,2,5,2,0,0,0,0,2,0.013697102858352616,1,7,2
1,1,32,13,0,2,2,0,0,0,3,2,0.024460281700189827,0,2,2
1,0,86,13,2,3,2,0,0,0,0,2,0.015692891572712146,1,5,2
1,1,5,13,2,5,2,0,0,0,3,2,0.02390362200955632,0,7,2
1,1,68,14,4,11,1,0,0,0,0,2,0.012479000476495772,0,15,1
1,1,102,14,2,4,2,0,0,2,0,2,0.013220667652545705,2,6,2
1,1,14,15,2,0,2,0,0,2,0,2,0.014571386019524058,1,2,2
1,1,79,15,2,4,2,0,0,0,3,2,0.015586471337738095,0,6,2
1,1,46,15,1,1,2,0,0,2,0,2,0.017534780254955355,0,2,2
1,0,113,15,1,3,2,0,0,0,0,2,0.010394801105388568,2,4,2
1,1,95,15,0,2,1,0,0,0,0,2,0.011919066317093836,0,2,1
1,1,107,15,0,2,1,0,0,0,0,2,0.013408949606730567,0,2,1
1,1,77,15,2,6,1,0,0,0,0,2,0.013220667652545705,0,8,1
1,1,64,16,1,1,2,0,0,2,0,2,0.015471864930842962,1,2,2
1,1,19,16,2,3,2,0,0,0,3,2,0.021546004496285014,0,5,2
1,1,82,16,2,4,2,0,0,0,3,2,0.01790643246017243,0,6,2
1,1,56,17,2,0,2,0,0,2,0,2,0.014735109457945678,0,2,2
1,1,5,17,0,1,3,1,0,0,4,2,0.03225351736905887,0,1,4
1,1,80,18,2,2,2,2,0,1,5,2,0.02835526230024013,0,4,4
1,1,36,18,0,1,1,0,0,2,0,2,0.018271535727852638,0,1,1
1,1,37,18,2,2,2,0,0,0,0,2,0.020776504335703407,0,4,2
1,1,53,18,0,1,1,0,0,0,0,2,0.019008291200749924,0,1,1
1,1,22,18,1,1,3,0,0,0,3,2,0.028160431408518406,0,2,3
1,1,36,18,2,2,1,0,0,0,3,2,0.022986770754395258,0,4,1
1,1,38,19,1,1,2,0,0,0,0,2,0.022250015281497976,0,2,2
1,1,49,19,2,5,2,0,0,0,0,2,0.019622254094830992,0,7,2
1,1,68,19,2,4,2,1,0,0,0,2,0.02212722270268176,0,6,3
1,1,65,20,1,3,1,0,0,0,3,2,0.02170972793470663,0,4,1
1,1,38,20,0,3,3,0,0,0,3,2,0.02608114374056385,0,3,3
1,1,130,20,1,3,2,0,0,0,3,2,0.018508934713563987,1,4,2
1,1,39,20,1,3,2,0,0,2,0,2,0.019008291200749924,0,4,2
1,0,129,20,1,2,1,0,0,0,3,2,0.019892397768226665,1,3,1
1,1,116,21,0,1,2,0,0,0,0,2,0.017109099315059148,0,1,2
1,1,81,21,0,1,2,0,0,2,0,2,0.019008291200749924,0,1,2
1,1,29,21,2,3,2,0,0,0,3,2,0.021729374747317225,1,5,2
1,1,23,21,1,1,1,0,0,0,3,2,0.02554085639377251,0,2,1
1,1,76,22,1,0,2,0,0,2,0,2,0.019008291200749924,0,1,2
1,0,169,22,0,4,2,0,0,0,3,3,0.0201789137854645,0,4,2
1,0,169,22,0,4,2,0,0,0,3,3,0.0201789137854645,0,4,2
1,1,144,22,2,2,2,0,0,0,3,2,0.019343924249514245,1,4,2
1,1,144,22,2,2,2,2,0,0,5,2,0.029085468835600554,1,4,4
1,1,144,22,2,2,2,2,0,0,5,2,0.029085468835600554,1,4,4
1,1,110,23,0,1,2,1,0,0,0,3,0.023428824038133626,0,1,3
1,1,37,23,1,1,2,0,0,0,3,2,0.02151325980860069,0,2,2
1,1,31,24,0,2,2,0,0,0,0,2,0.018124184633273185,1,2,2
1,1,32,24,0,4,2,2,0,0,5,2,0.03138578314542429,0,4,4
1,1,16,24,0,1,2,2,0,0,5,2,0.036182879891177716,0,1,4
1,1,53,25,1,0,2,0,0,0,3,2,0.021153068244073127,1,1,2
1,1,154,25,2,1,2,2,0,0,5,2,0.03109108095626538,0,3,4
1,1,153,25,2,1,2,2,0,0,5,2,0.03109108095626538,0,3,4
1,1,146,25,2,1,2,2,0,0,5,2,0.02917551672673244,3,3,4
1,1,160,25,2,2,2,0,0,0,1,3,0.016899533313879476,1,4,2
1,1,159,25,2,2,2,0,0,0,1,3,0.01689789607949526,0,4,2
1,1,120,25,1,0,2,0,0,0,3,3,0.022986770754395258,0,1,2
1,1,28,26,0,1,3,0,0,0,3,2,0.02406734544797794,2,1,3
1,1,28,26,0,1,2,0,0,0,3,2,0.020629153241123948,1,1,2
1,1,37,27,2,1,2,1,0,0,0,2,0.01888058691878106,0,3,3
1,1,59,27,1,2,2,0,0,2,0,2,0.016552439624425642,0,3,2
1,1,59,27,1,2,2,0,0,2,0,2,0.016552439624425642,0,3,2
1,1,129,27,1,4,2,0,0,2,0,2,0.013220667652545705,1,5,2
1,1,89,27,1,5,3,0,0,0,3,2,0.023527058101186597,0,6,3
1,1,90,27,1,5,2,0,0,0,0,2,0.01871358901159101,0,6,2
1,1,123,27,2,6,3,0,0,0,0,2,0.02076995539816654,0,8,3
1,0,206,27,1,3,2,0,0,0,4,2,0.016671957734473424,0,4,2
1,1,113,27,2,6,3,0,0,0,3,2,0.022683882393315265,0,8,3
1,1,81,28,2,1,2,0,0,2,0,2,0.01694537587663753,1,3,2
1,1,101,28,2,5,1,0,0,2,0,2,0.01694537587663753,0,7,1
1,1,2,28,1,0,2,0,0,0,0,2,0.01906559440419749,0,1,2
1,1,23,28,0,2,1,0,0,0,0,2,0.023739898571134704,0,2,1
1,1,11,28,2,6,1,0,0,0,0,2,0.023739898571134704,0,8,1
1,1,24,28,1,3,2,0,0,0,4,2,0.030616282984842685,0,4,2
1,1,10,28,0,1,2,0,0,0,3,2,0.016293756591719485,0,1,2
1,1,113,29,1,0,2,0,0,2,0,2,0.01694537587663753,0,1,2
1,1,126,29,1,2,2,0,0,2,0,3,0.011971457817388755,0,3,2
1,1,128,29,1,2,3,0,0,0,0,3,0.023035887785921742,0,3,3
1,1,60,29,1,4,2,0,0,0,3,2,0.019745046673647206,0,5,2
1,1,60,29,0,1,2,0,0,0,0,2,0.017240078065796444,0,1,2
1,1,92,29,0,2,2,2,0,0,5,2,0.029028165632152988,0,2,4
1,1,99,29,2,1,2,0,0,2,0,2,0.015471864930842962,1,3,2
1,1,134,30,1,0,2,0,0,2,0,2,0.015471864930842962,1,1,2
1,1,68,31,2,1,2,1,0,0,0,2,0.019892397768226665,0,3,3
1,1,131,31,1,1,1,1,0,1,0,2,0.026891574760750863,0,2,2
1,1,61,31,0,2,2,0,0,2,0,2,0.015471864930842962,0,2,2
1,1,0,32,1,0,2,0,0,2,0,2,0.01784585478795643,1,1,2
1,1,119,32,2,2,1,0,0,0,3,2,0.02364985068000281,0,4,1
1,1,116,32,2,5,3,0,0,0,3,2,0.023807025180887564,0,7,3
1,1,34,33,0,1,3,0,0,0,3,2,0.02755465468635842,0,1,3
1,1,34,33,0,1,2,0,0,0,3,2,0.024460281700189827,0,1,2
1,1,151,33,1,1,2,0,0,2,0,2,0.01694537587663753,0,2,2
1,1,143,33,1,1,2,0,0,0,0,2,0.01871358901159101,0,2,2
1,1,151,33,1,1,2,0,0,2,0,2,0.01694537587663753,0,2,2
1,1,143,33,1,1,2,0,0,0,0,2,0.01871358901159101,0,2,2
1,1,125,34,1,1,3,0,0,0,3,2,0.022544717470656884,1,2,3
1,1,94,35,0,4,2,0,0,0,3,2,0.02151325980860069,0,4,2
1,1,54,35,0,1,2,0,0,2,0,2,0.020481802146544492,0,1,2
1,1,127,35,0,2,3,0,0,0,3,2,0.021071206524862315,0,2,3
1,1,105,35,1,2,3,0,0,0,3,2,0.024607632794769282,0,3,3
1,1,105,35,1,2,2,0,0,0,3,2,0.02151325980860069,0,3,2
1,1,176,35,1,1,2,0,0,0,0,2,0.015766567120001875,0,2,2
1,1,52,35,2,1,3,0,0,0,3,2,0.024705866857822254,1,3,3
1,1,84,36,2,1,3,0,0,0,3,2,0.02608114374056385,0,3,3
1,1,50,36,0,1,2,0,0,2,0,2,0.016208620403740246,0,1,2
1,1,193,36,0,1,2,0,0,0,0,2,0.01782948244411427,1,1,2
1,1,29,37,2,0,2,0,0,0,3,2,0.021308605510573668,1,2,2
1,1,12,37,2,0,2,0,0,0,3,2,0.02521340951692927,0,2,2
1,1,62,37,2,2,2,0,0,0,1,2,0.015755106479312362,0,4,2
1,1,62,37,2,2,0,2,0,0,1,2,0.015755106479312362,0,4,2
1,1,243,37,4,6,1,0,0,0,0,2,0.014599219004055735,0,10,1
1,1,11,37,1,1,2,0,0,0,3,2,0.02521340951692927,0,2,2
1,1,49,37,1,2,1,0,0,0,3,2,0.018910057137696952,1,3,1
1,1,57,37,0,1,2,0,0,2,0,2,0.014293056174207307,3,1,2
1,1,25,37,0,1,2,0,0,2,0,2,0.0173874291603759,0,1,2
1,1,25,37,0,1,1,0,0,2,0,2,0.0173874291603759,0,1,1
1,1,56,38,2,1,2,0,0,2,0,2,0.020481802146544492,0,3,2
1,1,61,38,1,1,2,0,0,2,0,2,0.020481802146544492,0,2,2
1,1,198,38,0,1,2,0,0,2,0,2,0.019008291200749924,3,1,2
1,1,205,38,0,1,2,0,0,2,0,2,0.019008291200749924,0,1,2
1,1,2,38,0,1,2,0,0,0,0,2,0.02766926109325355,0,1,2
1,1,5,38,0,1,2,0,0,2,0,2,0.026032026709037363,1,1,2
1,1,255,39,0,4,2,0,0,0,3,2,0.020110149941327416,0,4,2
1,1,14,39,0,1,1,0,0,0,3,2,0.03012511266957783,2,1,1
1,1,14,39,0,1,1,0,0,0,3,2,0.03012511266957783,2,1,1
1,1,14,39,0,1,1,0,0,0,3,2,0.03012511266957783,2,1,1
1,1,12,40,2,0,2,0,0,0,0,2,0.02439479232482118,0,2,2
1,1,13,40,2,0,2,0,0,0,0,2,0.02439479232482118,0,2,2
1,1,44,40,2,1,2,0,0,0,3,2,0.024460281700189827,0,3,2
1,1,253,40,1,2,1,0,0,0,0,2,0.0003274468768432373,0,3,1
1,1,253,40,1,2,1,0,0,0,0,2,0.0003274468768432373,0,3,1
1,0,274,40,0,2,2,0,0,0,3,2,0.018860940106170468,1,2,2
1,1,2,40,0,1,2,0,0,2,0,2,0.0,1,1,2
1,1,47,41,2,0,1,0,0,0,0,2,0.020792876679545567,1,2,1
1,1,39,41,2,0,1,0,0,0,0,2,0.021938940748496897,1,2,1
1,1,26,41,2,1,1,0,0,0,0,2,0.02406734544797794,0,3,1
1,1,26,41,2,1,1,0,0,0,0,2,0.02406734544797794,0,3,1
1,1,31,41,2,1,1,0,0,2,0,2,0.01871358901159101,1,3,1
1,1,122,41,0,1,2,0,0,2,0,2,0.017682131349534815,1,1,2
1,1,196,41,1,1,2,0,0,0,3,2,0.02003974886280612,0,2,2
1,1,205,41,1,1,2,0,0,2,0,2,0.016061269309160787,0,2,2
1,1,35,42,0,3,2,0,0,0,3,2,0.024804100920875222,1,3,2
1,1,99,42,0,4,2,0,0,0,5,2,0.03064902767252701,0,4,2
1,1,97,42,1,4,2,0,0,0,5,2,0.028946303912942176,0,5,2
1,1,59,42,0,3,2,0,0,0,3,2,0.021071206524862315,0,3,2
1,1,54,42,0,3,2,0,0,0,3,2,0.0228394196598158,3,3,2
1,1,32,42,2,1,2,0,0,0,3,2,0.026413502320559737,0,3,2
1,1,103,43,1,4,2,0,0,0,0,2,0.019450344484488295,3,5,2
1,1,46,44,0,3,2,0,0,2,0,2,0.018446719806963774,1,3,2
1,1,30,45,4,9,1,2,0,0,5,2,0.030488578702873824,0,13,3
1,1,30,45,4,9,1,2,0,0,5,2,0.030488578702873824,1,13,3
1,1,30,45,4,9,1,2,0,0,5,2,0.030488578702873824,1,13,3
1,1,74,45,2,6,2,0,0,0,3,2,0.025458994674561697,0,8,2
1,1,76,46,1,0,2,0,0,2,0,2,0.012966896322992198,2,1,2
1,1,68,46,1,3,1,0,0,0,4,2,0.0360191564527561,2,4,1
1,1,109,46,0,4,1,0,0,0,4,2,0.03536426269906963,1,4,1
1,1,17,46,0,4,2,0,0,0,4,2,0.029265564617864333,0,4,2
1,1,28,46,1,2,3,0,0,0,3,2,0.027287785481731178,0,3,3
1,1,20,46,2,5,2,0,0,2,0,2,0.012722948399743984,0,7,2
1,1,131,47,2,4,2,0,0,2,0,2,0.01396069759421142,1,6,2
1,1,49,47,2,5,2,0,0,2,0,2,0.012246513193937074,0,7,2
1,1,37,49,2,2,2,0,0,2,0,2,0.012246513193937074,1,4,2
1,1,37,49,2,2,2,0,0,2,0,2,0.012246513193937074,1,4,2
1,1,31,50,5,10,1,0,0,2,0,2,0.014311065752433684,2,15,1
1,1,0,50,4,7,2,0,0,2,0,2,0.011665294987540329,0,11,2
1,1,58,51,1,0,2,0,0,2,0,2,0.012966896322992198,0,1,2
1,1,18,51,2,2,2,0,0,2,0,2,0.012246513193937074,0,4,2
1,1,88,51,2,5,3,0,0,0,3,2,0.01948308917217262,1,7,3
1,1,220,52,1,4,3,0,0,0,3,2,0.01711728548698023,0,5,3
1,1,84,52,0,1,2,0,0,2,0,2,0.012966896322992198,0,1,2
1,1,84,52,0,1,2,1,0,0,0,2,0.019974259487437473,0,1,3
1,1,89,52,2,3,3,0,0,0,3,2,0.01948308917217262,1,5,3
1,1,89,52,2,3,2,0,0,2,0,2,0.012246513193937074,1,5,2
1,1,94,52,2,2,3,0,0,0,3,2,0.01948308917217262,1,4,3
1,1,94,52,2,2,3,0,0,0,3,2,0.01948308917217262,1,4,3
1,1,20,53,2,0,2,0,0,2,0,2,0.01440766258110244,2,2,2
1,1,223,53,2,5,2,0,0,0,0,2,0.011311652360549632,0,7,2
1,1,223,53,2,5,2,0,0,0,0,2,0.011311652360549632,0,7,2
1,1,237,53,2,5,2,0,0,0,0,2,0.015645411775569877,0,7,2
1,1,237,53,2,5,2,1,0,0,0,2,0.013140443167719113,0,7,3
1,1,237,53,2,5,2,2,0,0,5,2,0.024273636980389177,0,7,4
1,1,28,1,0,1,1,0,0,0,0,2,0.01571745008847539,3,1,1
1,1,195,1,0,4,2,0,0,2,0,2,0.012246513193937074,0,4,2
1,1,75,1,1,1,1,0,0,0,0,2,0.014145705079627851,1,2,1
1,1,12,2,2,6,3,0,0,0,4,2,0.018710314542822577,2,8,3
1,1,21,3,1,5,2,0,0,0,3,2,0.01557992240020123,0,6,2
1,1,22,3,1,5,2,0,0,0,3,2,0.016247914028961433,0,6,2
1,1,69,4,0,2,2,0,0,2,0,2,0.01440766258110244,0,2,2
1,1,30,4,2,1,2,1,0,0,0,2,0.01970084134527337,0,3,3
1,1,65,5,0,1,2,0,0,0,0,2,0.015324513836263504,1,1,2
1,1,28,6,1,2,3,0,0,0,3,2,0.026195750147458983,0,3,3
1,1,76,7,1,3,2,0,0,0,0,2,0.014473151956471088,0,4,2
1,1,32,8,2,4,1,0,0,0,3,2,0.01642146087368835,1,6,1
1,1,29,9,2,2,2,0,0,0,3,2,0.01642146087368835,0,4,2
1,1,58,10,2,0,2,0,0,2,0,2,0.012966896322992198,0,2,2
1,1,82,10,2,4,2,0,0,0,0,2,0.015029811647104591,0,6,2
1,1,104,10,0,2,2,0,0,0,0,2,0.01591391821458133,0,2,2
1,1,6,10,2,3,1,0,0,0,4,2,0.024885962640086034,0,5,1
1,1,45,10,1,1,2,2,0,0,5,2,0.03241724080748049,0,2,4
1,1,15,10,2,1,2,0,0,0,3,2,0.01986456478369499,0,3,2
1,1,43,10,2,3,2,0,0,0,3,2,0.01642146087368835,1,5,2
1,1,45,11,0,1,2,0,0,0,0,2,0.01591391821458133,0,1,2
1,1,72,11,0,1,2,2,0,0,5,2,0.026228494835143303,0,1,4
1,1,110,11,1,1,2,0,0,0,3,2,0.0173874291603759,2,2,2
1,1,28,12,0,4,3,0,0,0,4,2,0.020945139477277674,1,4,3
1,1,20,12,1,4,2,2,0,0,5,2,0.03274468768432373,0,5,4
1,1,31,12,1,1,2,2,0,0,5,2,0.03241724080748049,0,2,4
1,1,112,13,1,0,2,0,0,2,0,2,0.012966896322992198,2,1,2
1,1,106,13,0,5,2,0,0,2,0,2,0.013038934635897708,2,5,2
1,1,52,13,0,2,2,0,0,2,0,2,0.014440407268786764,0,2,2
1,1,208,13,2,1,2,0,0,2,0,2,0.016208620403740246,2,3,2
1,1,169,14,1,4,2,0,0,0,0,2,0.01915564229532938,0,5,2
1,1,111,14,2,6,2,0,0,0,3,2,0.022287671672334943,0,8,2
1,1,52,15,2,0,2,0,0,2,0,2,0.017682131349534815,0,2,2
1,1,52,15,2,0,2,0,0,2,0,2,0.017682131349534815,0,2,2
1,1,202,15,2,1,3,0,0,0,3,2,0.027178090777988693,0,3,3
1,1,202,15,2,1,2,2,0,0,1,2,0.037492667398550665,0,3,4
1,1,55,15,2,3,1,0,0,0,0,2,0.01915564229532938,0,5,1
1,1,10,15,1,1,2,0,0,2,0,2,0.018828195418486144,1,2,2
1,1,11,15,1,2,2,0,0,2,0,2,0.02264786323686251,0,3,2
1,1,60,15,0,1,2,2,0,0,5,2,0.03765639083697229,0,1,4
1,1,4,15,1,1,2,0,0,2,0,2,0.02537713295535089,0,2,2
1,1,196,16,2,1,2,0,0,2,0,2,0.016208620403740246,1,3,2
1,1,34,16,1,1,1,0,0,0,0,2,0.021120323556388803,0,2,1
1,1,144,16,1,3,2,0,0,2,0,2,0.016208620403740246,0,4,2
1,1,15,16,1,4,2,0,0,2,0,2,0.018828195418486144,1,5,2
1,1,59,16,0,2,2,2,0,0,5,2,0.03912990178276685,0,2,4
1,1,90,16,0,5,2,0,0,0,3,2,0.022102664186918516,1,5,2
1,1,316,16,0,1,2,0,0,0,0,2,0.017976833538693726,0,1,2
1,1,316,16,0,1,2,0,0,0,0,2,0.015308141492421342,0,1,2
1,1,316,16,0,1,2,0,0,0,0,2,0.015308141492421342,0,1,2
1,1,316,16,0,1,2,0,0,0,0,2,0.017976833538693726,0,1,2
1,1,54,17,2,1,3,0,0,0,3,2,0.027996707970096787,0,3,3
1,1,37,17,1,2,2,2,0,0,5,2,0.03667405020644258,0,3,4
1,1,58,17,0,3,3,0,0,0,4,2,0.03241724080748049,0,3,3
1,1,78,17,0,1,2,0,0,2,0,2,0.017682131349534815,0,1,2
1,1,134,17,2,2,2,2,0,0,5,2,0.03131210759813456,2,4,4
1,1,10,17,0,1,2,0,0,0,3,2,0.031107453300107543,2,1,2
1,1,26,17,1,1,2,0,0,2,0,2,0.018828195418486144,1,2,2
1,1,63,18,1,0,2,0,0,0,0,2,0.023576175132713085,0,1,2
1,1,43,18,1,1,2,0,0,2,0,2,0.02439479232482118,0,2,2
1,1,228,18,1,2,2,0,0,2,0,2,0.016208620403740246,1,3,2
1,1,148,18,1,2,2,0,0,2,0,2,0.017682131349534815,1,3,2
1,1,228,18,1,2,2,0,0,2,0,2,0.01800957822637805,1,3,2
1,1,61,18,1,2,2,0,0,2,0,2,0.020629153241123948,0,3,2
1,1,5,18,1,2,1,0,0,2,4,2,0.031107453300107543,1,3,1
1,1,12,18,1,2,1,0,0,0,4,2,0.000982340630529712,0,3,1
1,1,327,18,0,2,1,0,0,2,0,2,0.016208620403740246,0,2,1
1,1,327,18,0,2,1,0,0,2,0,2,0.016208620403740246,0,2,1
1,1,102,18,0,4,1,0,0,2,0,2,0.01817330166479967,1,4,1
1,1,40,18,0,4,2,0,0,2,0,2,0.02439479232482118,0,4,2
1,1,82,18,0,3,2,0,0,2,0,2,0.017682131349534815,0,3,2
1,1,82,18,0,3,2,0,0,2,0,2,0.017682131349534815,0,3,2
1,1,9,18,0,4,2,0,0,2,0,2,0.024558515763242795,1,4,2
1,1,83,18,0,4,2,0,0,0,3,2,0.022102664186918516,0,4,2
1,1,60,18,0,1,1,0,0,2,0,2,0.020629153241123948,0,1,1
1,1,40,19,2,1,2,0,0,2,0,2,0.02439479232482118,0,3,2
1,1,83,19,1,2,3,0,0,0,3,2,0.027996707970096787,0,3,3
1,1,316,19,0,2,3,0,0,0,3,2,0.02328147294355417,1,2,3
1,1,15,19,0,3,2,0,0,0,3,2,0.029470218915891355,2,3,2
1,1,57,19,0,1,2,0,0,2,0,2,0.021955313092339057,0,1,2
1,1,57,19,0,1,2,0,0,0,0,2,0.024902334983928194,1,1,2
1,1,34,19,0,1,2,0,0,0,0,2,0.02766926109325355,1,1,2
1,1,196,19,0,2,2,0,0,0,3,2,0.02350249958542336,2,2,2
1,1,196,19,0,2,2,0,0,0,3,2,0.02350249958542336,2,2,2
1,1,324,19,0,1,2,0,0,2,0,2,0.016208620403740246,3,1,2
1,1,78,19,0,2,2,0,0,0,3,2,0.025049686078507653,0,2,2
1,1,78,19,0,2,2,0,0,0,3,2,0.025049686078507653,0,2,2
1,1,91,19,1,3,2,0,0,2,0,2,0.020833807539150973,1,4,2
1,1,156,19,1,2,1,0,0,0,0,2,0.02141502574554772,0,3,1
1,1,156,19,1,2,1,0,0,0,0,2,0.01910161356065025,0,3,1
1,1,88,19,1,2,3,0,0,0,3,2,0.02996138923115621,0,3,3
1,1,224,20,1,0,2,0,0,2,0,2,0.017534780254955355,1,1,2
1,1,104,20,0,3,1,0,0,2,0,2,0.01915564229532938,0,3,1
1,1,13,20,0,5,2,0,0,0,3,2,0.02979766579273459,2,5,2
1,1,13,20,0,5,2,0,0,0,3,2,0.02979766579273459,2,5,2
1,1,79,20,2,4,2,0,0,2,0,2,0.022102664186918516,0,6,2
1,1,151,20,0,1,2,0,0,0,0,2,0.02292128137902661,1,1,2
1,1,151,20,0,1,2,0,0,0,0,2,0.02292128137902661,1,1,2
1,1,24,20,0,2,2,0,0,2,0,2,0.020956600117967187,1,2,2
1,1,77,20,2,1,2,0,0,2,0,2,0.023576175132713085,0,3,2
1,1,18,21,1,0,2,0,0,0,4,2,0.03192607049221564,0,1,2
1,1,28,21,1,2,1,0,0,2,0,2,0.026195750147458983,1,3,1
1,1,23,21,0,1,2,0,0,2,0,2,0.026195750147458983,1,1,2
1,1,124,21,0,1,1,0,0,2,0,2,0.017682131349534815,0,1,1
1,1,283,21,1,1,2,0,0,1,0,2,0.020776504335703407,2,2,2
1,1,127,21,2,2,2,0,0,0,0,2,0.020629153241123948,1,4,2
1,1,87,22,0,3,2,0,0,2,0,2,0.021393741698552904,0,3,2
1,1,25,22,0,1,2,0,0,0,0,2,0.026195750147458983,1,1,2
1,1,80,22,0,2,2,0,0,2,0,2,0.020629153241123948,0,2,2
1,1,31,22,0,2,2,0,0,2,0,2,0.02292128137902661,1,2,2
1,1,16,22,0,1,2,0,0,2,0,2,0.02292128137902661,1,1,2
1,1,43,22,2,5,2,0,0,2,0,2,0.02292128137902661,1,7,2
1,1,40,23,1,4,2,0,0,0,4,2,0.03208979393063725,2,5,2
1,1,34,23,1,5,1,0,0,2,0,2,0.021284046994810422,1,6,1
1,1,38,23,0,2,2,1,0,0,0,2,0.026195750147458983,1,2,3
1,1,31,23,0,3,2,0,0,2,0,2,0.024013316713298805,1,3,2
1,1,31,24,2,1,2,0,0,0,0,2,0.020738847944866433,1,3,2
1,1,156,24,0,2,2,0,0,2,0,2,0.020629153241123948,1,2,2
1,1,134,24,2,4,2,0,0,2,0,2,0.017682131349534815,0,6,2
1,1,51,25,0,2,3,0,0,0,4,2,0.03274468768432373,1,2,3
1,1,51,25,0,2,2,0,0,0,4,2,0.039293625221188476,1,2,2
1,1,19,25,0,4,2,2,0,0,5,2,0.04093085960540466,1,4,4
1,1,51,25,0,4,2,0,0,2,0,2,0.022102664186918516,1,4,2
1,1,51,25,0,4,2,0,0,2,0,2,0.022102664186918516,1,4,2
1,1,139,25,0,3,2,0,0,0,3,2,0.020629153241123948,1,3,2
1,1,64,26,1,0,3,0,0,0,5,2,0.04338671118172894,0,1,3
1,1,25,26,0,2,2,0,0,0,4,2,0.02292128137902661,0,2,2
1,1,14,26,0,1,2,0,0,0,3,2,0.019352110421435323,0,1,2
1,1,272,26,0,3,3,0,0,0,3,2,0.024460281700189827,1,3,3
1,1,272,26,0,3,2,0,0,0,0,2,0.01915564229532938,1,3,2
1,1,36,26,0,1,2,0,0,2,0,2,0.026195750147458983,1,1,2
1,1,0,26,0,2,2,0,0,0,0,3,0.01915564229532938,1,2,2
1,1,0,26,0,2,3,0,0,0,3,3,0.024460281700189827,1,2,3
1,1,185,26,0,3,2,2,0,0,5,2,0.03154950658384591,0,3,4
1,1,125,26,0,3,1,0,0,0,0,2,0.015668333056948903,0,3,1
1,1,125,26,0,3,2,0,0,0,3,2,0.019352110421435323,0,3,2
1,1,96,26,2,3,1,0,0,2,0,2,0.019646812610594238,0,5,1
1,1,39,27,2,0,2,0,0,0,3,2,0.02275755794060499,0,2,2
1,1,112,27,1,2,2,2,0,0,5,2,0.03765639083697229,0,3,4
1,1,155,27,1,3,3,0,0,0,3,2,0.024902334983928194,0,4,3
1,1,195,27,0,4,3,0,0,0,3,2,0.0242146965425574,0,4,3
1,1,225,27,1,4,1,0,0,0,0,2,0.016355971498319702,0,5,1
1,1,223,27,1,4,2,0,0,2,0,2,0.01458775836336622,0,5,2
1,1,78,27,0,3,2,0,0,2,0,2,0.019646812610594238,1,3,2
1,1,315,27,0,1,2,0,0,0,1,2,0.015037997819025671,3,1,2
1,1,315,27,0,1,2,0,0,2,0,2,0.01458775836336622,2,1,2
1,1,315,27,0,1,0,2,0,0,1,2,0.015037997819025671,2,1,2
1,1,315,27,0,1,2,0,0,0,1,2,0.015037997819025671,3,1,2
1,1,315,27,0,1,0,2,0,0,1,2,0.015037997819025671,2,1,2
1,1,315,27,0,1,0,2,0,0,1,2,0.015037997819025671,2,1,2
1,1,315,27,0,1,2,0,0,0,1,2,0.015037997819025671,3,1,2
1,1,99,27,1,1,2,0,0,2,0,2,0.019646812610594238,1,2,2
1,1,140,27,2,1,3,0,0,1,4,2,0.029028165632152988,0,3,3
1,1,134,27,2,2,2,0,0,2,0,2,0.013128982527029598,0,4,2
1,1,134,27,2,2,2,0,0,2,0,2,0.013128982527029598,0,4,2
1,1,134,27,2,2,2,0,0,0,4,2,0.021085941634320263,0,4,2
1,1,146,27,2,3,2,0,0,0,3,2,0.019008291200749924,0,5,2
1,1,153,28,1,0,2,0,0,2,0,2,0.01458775836336622,0,1,2
1,1,34,28,2,2,2,0,0,2,0,2,0.021284046994810422,1,4,2
1,1,34,28,2,2,2,0,0,2,0,2,0.021284046994810422,1,4,2
1,1,56,28,1,1,2,1,0,0,0,2,0.026195750147458983,1,2,3
1,1,238,28,2,4,2,0,0,0,3,2,0.020110149941327416,2,6,2
1,1,138,29,2,0,2,0,0,2,0,2,0.017682131349534815,0,2,2
1,1,155,29,1,1,2,0,0,0,3,2,0.024902334983928194,0,2,2
1,1,155,29,1,1,2,0,0,2,0,2,0.01458775836336622,1,2,2
1,1,155,29,1,1,3,0,0,2,0,2,0.01458775836336622,0,2,3
1,1,7,29,1,1,3,0,0,0,3,2,0.03438192206853991,0,2,3
1,1,155,29,1,1,2,1,0,0,0,2,0.020481802146544492,1,2,3
1,1,176,29,0,1,1,0,0,0,0,2,0.016061269309160787,0,1,1
1,1,173,29,0,3,2,0,0,2,0,2,0.01458775836336622,0,3,2
1,1,31,29,0,3,2,0,0,2,0,2,0.02292128137902661,1,3,2
1,1,61,29,1,1,2,0,0,0,3,2,0.0228394196598158,0,2,2
1,1,150,29,1,1,3,0,0,0,3,2,0.028733463442994073,0,2,3
1,1,150,29,2,1,3,0,0,0,3,2,0.028733463442994073,0,3,3
1,1,150,29,2,1,2,0,0,0,4,2,0.027259952497199504,0,3,2
1,1,150,29,2,1,3,0,0,0,3,2,0.028733463442994073,0,3,3
1,1,53,29,2,1,3,0,0,0,4,2,0.03590946174901362,0,3,3
1,1,56,30,1,4,2,0,0,2,0,2,0.02089111074259854,0,5,2
1,1,56,30,1,4,2,0,0,2,0,2,0.02089111074259854,0,5,2
1,1,106,30,0,1,2,0,0,2,0,2,0.02046542980270233,0,1,2
1,1,4,30,0,2,2,0,0,2,0,2,0.026195750147458983,0,2,2
1,1,80,30,0,4,2,2,0,1,5,2,0.04698862682700455,1,4,4
1,1,45,31,2,1,1,0,0,2,0,2,0.021120323556388803,0,3,1
1,1,302,31,1,2,2,0,0,2,0,2,0.01458775836336622,1,3,2
1,1,302,31,1,2,2,0,0,2,0,2,0.01458775836336622,1,3,2
1,1,302,31,1,2,2,0,0,2,0,2,0.01458775836336622,1,3,2
1,1,302,31,1,2,2,0,0,2,0,2,0.01458775836336622,1,3,2
1,1,302,31,1,2,2,0,0,2,0,2,0.01458775836336622,1,3,2
1,1,302,31,1,2,2,0,0,2,0,2,0.01458775836336622,1,3,2
1,1,92,31,0,3,2,0,0,2,0,2,0.02046542980270233,2,3,2
1,1,41,31,0,1,1,0,0,2,0,2,0.020629153241123948,0,1,1
1,1,191,31,1,1,2,0,0,0,3,2,0.0228394196598158,0,2,2
1,1,170,31,1,1,2,0,0,0,3,2,0.0228394196598158,0,2,2
1,1,191,31,1,1,2,0,0,0,3,2,0.0228394196598158,0,2,2
1,1,138,31,1,1,1,0,0,0,3,2,0.024108276307583346,0,2,1
1,1,191,31,1,1,2,0,0,0,3,2,0.0228394196598158,0,2,2
1,1,140,31,2,1,2,1,0,0,0,2,0.02521340951692927,0,3,3
1,1,19,31,2,2,3,0,0,0,4,2,0.042568093989620845,1,4,3
1,1,185,32,2,2,2,2,0,0,5,2,0.03847500802908038,0,4,4
1,1,168,32,4,10,1,0,0,0,0,2,0.01961897962606256,1,14,1
1,1,172,32,4,10,2,0,0,2,0,2,0.018553140041937824,0,14,2
1,1,172,32,4,10,3,0,0,0,3,2,0.028460045300829972,0,14,3
1,1,172,32,4,10,1,0,0,0,0,2,0.021092490571857133,1,14,1
1,1,158,32,0,2,2,0,0,2,0,2,0.019442158312567213,1,2,2
1,1,28,32,0,3,2,0,0,2,0,2,0.026195750147458983,1,3,2
1,1,128,32,0,4,2,0,0,2,0,2,0.02046542980270233,1,4,2
1,1,128,32,0,4,2,2,0,0,5,2,0.03847500802908038,1,4,4
1,1,128,32,0,4,3,0,0,0,3,2,0.03192607049221564,1,4,3
1,1,128,32,0,4,2,0,0,2,0,2,0.02046542980270233,1,4,2
1,1,27,32,0,1,2,0,0,2,0,2,0.026195750147458983,1,1,2
1,1,197,32,2,1,2,0,0,0,0,2,0.018418886822432097,0,3,2
1,1,197,32,2,1,2,0,0,0,0,2,0.018418886822432097,0,3,2
1,1,251,32,2,1,2,0,0,2,0,2,0.018418886822432097,2,3,2
1,1,78,33,0,2,2,2,0,0,5,2,0.039293625221188476,2,2,4
1,1,182,33,0,1,2,2,0,0,5,2,0.03847500802908038,0,1,4
1,1,195,33,0,3,2,2,0,0,5,2,0.03847500802908038,0,3,4
1,1,85,33,0,2,1,0,0,0,3,2,0.031107453300107543,2,2,1
1,1,207,33,0,3,3,0,0,0,3,2,0.027456420623305444,0,3,3
1,1,214,33,2,2,2,0,0,0,3,2,0.021411751276779287,0,4,2
1,1,214,33,2,3,3,0,0,0,3,2,0.02546226914333013,0,5,3
1,1,45,33,0,1,2,0,0,2,0,2,0.02292128137902661,0,1,2
1,1,195,33,2,1,2,0,0,2,0,2,0.015668333056948903,0,3,2
1,1,195,33,2,1,3,0,0,0,3,2,0.025982909677510876,0,3,3
1,1,176,33,2,3,2,0,0,0,0,2,0.018831469887254575,1,5,2
1,1,121,34,2,4,2,0,0,2,0,2,0.02046542980270233,1,6,2
1,1,12,34,1,2,2,0,0,0,3,2,0.023576175132713085,0,3,2
1,1,211,34,0,1,1,0,0,0,0,2,0.017682131349534815,1,1,1
1,1,91,34,0,1,1,0,0,0,0,2,0.02292128137902661,2,1,1
1,1,42,34,0,2,2,0,0,2,0,2,0.021120323556388803,1,2,2
1,1,141,34,0,2,2,0,0,0,3,2,0.024558515763242795,2,2,2
1,1,17,34,0,2,2,0,0,2,0,2,0.021202185275599614,1,2,2
1,1,93,34,1,3,3,0,0,0,3,2,0.03143490017695078,0,4,3
1,1,81,34,1,1,1,0,0,0,3,2,0.027832984531675167,1,2,1
1,1,79,34,2,3,3,0,0,0,4,2,0.039293625221188476,0,5,3
1,1,162,34,2,3,2,2,0,0,5,2,0.03847500802908038,0,5,4
1,1,66,35,1,0,1,0,0,2,0,2,0.021284046994810422,0,1,1
1,1,17,35,1,0,2,0,0,2,0,2,0.014571386019524058,1,1,2
1,1,168,35,2,1,3,0,0,0,3,2,0.028733463442994073,0,3,3
1,1,33,35,2,1,3,0,0,0,4,2,0.036510326768020955,0,3,3
1,1,305,35,1,2,2,0,0,0,0,2,0.017534780254955355,2,3,2
1,1,47,35,0,2,3,0,0,0,3,2,0.03438192206853991,3,2,3
1,1,68,35,0,2,2,0,0,2,0,2,0.021120323556388803,1,2,2
1,0,241,43,1,2,2,0,0,0,0,3,0.009823406305297119,0,3,2
1,0,241,43,1,2,2,0,0,0,0,3,0.009823406305297119,0,3,2
1,0,241,43,1,2,2,0,0,0,0,3,0.009823406305297119,0,3,2
1,0,241,43,1,2,2,0,0,0,0,3,0.009823406305297119,0,3,2
1,0,241,43,1,2,2,0,0,0,0,3,0.009823406305297119,0,3,2
1,0,241,43,1,2,2,0,0,0,0,3,0.009823406305297119,0,3,2
1,0,241,43,1,2,2,0,0,0,0,3,0.009823406305297119,0,3,2
1,0,241,43,1,2,2,0,0,0,0,3,0.009823406305297119,0,3,2
1,0,241,43,1,2,2,0,0,0,0,3,0.009823406305297119,0,3,2
1,0,241,43,1,2,1,0,0,0,0,3,0.008186171921080933,0,3,1
1,0,241,43,1,2,1,0,0,0,0,3,0.008186171921080933,0,3,1
1,0,241,43,1,2,1,0,0,0,0,3,0.008186171921080933,0,3,1
1,0,241,43,1,2,1,0,0,0,0,3,0.008186171921080933,0,3,1
1,0,241,43,1,2,1,0,0,0,0,3,0.008186171921080933,0,3,1
1,0,241,43,1,2,1,0,0,0,0,3,0.008186171921080933,0,3,1
1,0,241,43,1,2,1,0,0,0,0,3,0.008186171921080933,0,3,1
1,0,24,36,0,2,2,0,0,0,0,2,0.013237039996387865,1,2,2
1,0,17,36,2,1,1,0,0,0,0,2,0.011377141735918278,0,3,1
1,0,0,37,2,2,1,0,0,0,0,1,0.018664471980064525,0,4,1
1,0,3,38,1,1,2,0,0,0,0,2,0.019646812610594238,0,2,2
1,0,3,38,1,1,1,0,0,0,0,3,0.019646812610594238,0,2,1
1,0,1,39,1,0,1,0,0,2,0,2,0.011296917251091686,0,1,1
1,0,3,38,1,1,1,0,0,0,0,3,0.019646812610594238,0,2,1
1,0,3,38,2,1,2,0,0,0,0,2,0.019646812610594238,0,3,2
1,0,7,39,1,1,1,0,0,0,0,2,0.01784585478795643,0,2,1
1,0,7,39,1,1,1,0,0,0,0,2,0.01784585478795643,0,2,1
1,0,7,39,1,1,1,0,0,0,0,2,0.01784585478795643,0,2,1
1,0,0,39,0,2,2,0,0,2,0,2,0.019162191232866246,1,2,2
1,0,6,39,0,1,1,0,0,2,0,2,0.011296917251091686,0,1,1
1,0,0,39,0,1,1,0,0,0,0,2,0.029470218915891355,0,1,1
1,0,17,39,0,1,1,0,0,0,0,3,0.027832984531675167,0,1,1
1,0,12,39,1,1,2,0,0,0,0,2,0.03274468768432373,1,2,2
1,0,12,39,1,1,2,0,0,0,0,2,0.03274468768432373,1,2,2
1,0,17,39,2,1,1,0,0,0,0,3,0.027832984531675167,0,3,1
1,0,17,39,2,1,1,0,0,0,0,3,0.027832984531675167,0,3,1
1,0,17,39,2,2,1,0,0,0,0,3,0.027832984531675167,0,4,1
1,0,16,39,2,3,1,0,0,0,0,3,0.027832984531675167,0,5,1
1,0,17,39,2,2,1,0,0,0,0,3,0.027832984531675167,0,4,1
1,0,19,40,1,1,1,0,0,0,0,3,0.027832984531675167,0,2,1
1,0,16,39,2,3,1,0,0,0,0,3,0.027832984531675167,0,5,1
1,0,7,40,1,1,1,0,0,0,0,3,0.027832984531675167,0,2,1
1,0,16,39,2,3,1,0,0,0,0,3,0.027832984531675167,0,5,1
1,0,18,40,0,1,2,0,0,0,0,2,0.013489174091557159,1,1,2
1,0,9,41,2,0,1,0,0,0,0,2,0.01784585478795643,0,2,1
1,0,14,41,1,0,1,0,0,0,0,0,0.019646812610594238,1,1,1
1,0,1,41,0,1,2,0,0,0,4,2,0.02390362200955632,0,1,2
1,0,5,41,2,1,1,0,0,0,0,2,0.01571745008847539,0,3,1
1,0,23,41,0,1,2,0,0,0,3,2,0.015766567120001875,0,1,2
1,0,22,41,0,1,2,0,0,0,0,2,0.013489174091557159,2,1,2
1,0,0,41,0,4,1,0,0,0,3,2,0.026154819287853577,1,4,1
1,0,0,41,0,2,1,0,0,2,0,2,0.019162191232866246,1,2,1
1,0,1,41,2,2,2,0,0,0,0,2,0.023739898571134704,2,4,2
1,0,1,42,0,1,2,0,0,0,0,2,0.001964681261059424,0,1,2
1,0,10,42,0,1,1,0,0,0,4,2,0.02390362200955632,0,1,1
1,0,0,43,1,0,1,0,0,2,0,2,0.014371643424649685,0,1,1
1,0,6,43,2,2,2,0,0,0,0,2,0.01588444799566544,1,4,2
1,0,7,43,0,1,2,0,0,0,0,2,0.018664471980064525,0,1,2
1,0,7,43,0,1,2,0,0,2,0,2,0.018664471980064525,1,1,2
1,0,11,43,0,1,2,0,0,0,3,0,0.022266387625340136,0,1,2
1,0,3,43,0,3,2,0,0,2,0,0,0.018664471980064525,1,3,2
1,0,8,43,1,5,2,0,0,0,3,2,0.013916492265837584,0,6,2
1,0,0,43,2,2,1,0,0,0,0,2,0.01571745008847539,0,4,1
1,0,0,45,1,0,2,1,0,0,0,2,0.014800598833314325,0,1,3
1,0,0,45,0,2,2,0,0,0,0,2,0.015553726650053772,0,2,2
1,0,21,45,0,2,2,0,0,0,0,2,0.012442981320043017,0,2,2
1,0,21,45,0,2,2,0,0,0,0,2,0.012442981320043017,0,2,2
1,0,0,45,1,1,1,0,0,2,0,1,0.011976369520541404,0,2,1
1,0,12,45,2,1,2,0,0,0,0,2,0.018664471980064525,0,3,2
1,0,2,46,1,2,1,0,0,0,0,1,0.012934151635307872,0,3,1
1,0,0,46,1,3,2,0,0,0,0,0,0.017354684472691576,1,4,2
1,0,0,47,0,1,1,0,0,0,0,2,0.016208620403740246,0,1,1
1,0,70,48,0,3,1,0,0,0,0,2,0.007585306902073591,0,3,1
1,0,6,49,0,1,1,0,0,0,0,2,0.01326159851215111,1,1,1
1,0,31,51,0,1,2,1,0,2,0,2,0.008508707094771521,1,1,3
1,0,31,51,0,1,3,0,0,2,0,2,0.01248063771087999,1,1,3
1,0,83,53,2,1,2,0,0,0,0,2,0.013998353985048393,2,3,2
1,0,57,52,2,5,2,0,0,0,0,2,0.011865037582414703,0,7,2
1,0,52,53,0,2,2,2,0,0,5,0,0.03389075175327506,2,2,4
1,0,71,53,0,5,3,0,0,0,0,2,0.018431984697505826,1,5,3
1,0,27,2,0,1,1,0,0,2,0,2,0.010609278809720887,0,1,1
1,0,80,2,0,1,2,0,0,0,0,2,0.014296330642975738,0,1,2
1,0,0,3,1,0,2,0,0,2,0,2,0.008844340143535839,0,1,2
1,0,48,2,2,5,2,0,0,0,0,2,0.013826444374705694,1,7,2
1,0,5,3,1,2,2,0,0,0,0,2,0.013146992105255976,2,3,2
1,0,36,4,0,2,1,0,0,0,0,3,0.011624364127934923,0,2,1
1,0,1,3,2,6,2,0,0,0,0,2,0.013498997497862457,1,8,2
1,0,9,5,0,2,2,0,0,0,1,3,0.012811359056491658,1,2,2
1,0,9,6,0,1,2,0,0,2,0,2,0.014735109457945678,0,1,2
1,0,2,6,1,3,2,0,1,0,0,2,0.015226279773210533,2,4,3
1,0,15,6,1,2,1,0,0,0,6,3,0.016372343842161866,0,3,1
1,0,0,7,0,1,2,0,0,2,0,2,0.012934151635307872,0,1,2
1,0,0,7,0,1,2,0,0,0,0,2,0.014898832896367295,0,1,2
1,0,15,7,1,2,2,0,0,0,0,2,0.006658632240607231,0,3,2
1,0,3,7,1,1,2,0,0,2,0,2,0.009959296759187062,0,2,2
1,0,87,8,1,1,1,0,0,0,0,2,0.010167225525982518,0,2,1
1,0,1,8,0,1,2,1,0,0,5,2,0.028324154846940026,0,1,3
1,0,22,8,0,2,2,0,0,2,0,2,0.01326159851215111,1,2,2
1,0,5,9,0,1,2,0,0,2,0,2,0.01326159851215111,2,1,2
1,0,0,9,0,1,2,0,0,0,0,2,0.014571386019524058,1,1,2
1,0,0,9,0,1,1,0,0,0,0,2,0.014571386019524058,0,1,1
1,0,9,11,1,0,1,0,0,2,0,2,0.014735109457945678,1,1,1
1,0,78,11,1,2,2,0,0,0,0,2,0.01073698309168975,0,3,2
1,0,56,11,0,2,2,0,0,0,0,2,0.012819545228412738,0,2,2
1,0,3,11,0,3,2,0,0,0,0,2,0.014898832896367295,1,3,2
1,0,44,11,0,3,2,0,0,2,0,2,0.011640736471777085,1,3,2
1,0,133,11,1,2,2,0,0,0,0,3,0.013806797562095099,1,3,2
1,0,133,11,1,2,2,0,0,0,0,3,0.013806797562095099,1,3,2
1,0,133,11,1,2,2,0,0,0,0,3,0.013806797562095099,1,3,2
1,0,133,11,1,2,2,0,0,0,0,3,0.013806797562095099,1,3,2
1,0,133,11,1,2,2,0,0,0,0,3,0.013806797562095099,1,3,2
1,0,133,11,1,2,2,0,0,0,0,3,0.013806797562095099,1,3,2
1,0,133,11,1,2,2,0,0,0,0,3,0.013806797562095099,1,3,2
1,0,133,11,1,2,2,0,0,0,0,3,0.013806797562095099,1,3,2
1,0,133,11,1,2,2,0,0,0,0,3,0.006904217398239658,1,3,2
1,0,133,11,1,2,1,0,0,0,0,3,0.012225229146942265,1,3,1
1,0,133,11,1,2,2,0,0,0,0,3,0.013806797562095099,1,3,2
1,0,62,11,1,2,2,0,0,0,0,2,0.009870886102439387,1,3,2
1,0,133,11,1,2,2,0,0,0,0,3,0.013806797562095099,1,3,2
1,0,52,12,2,2,2,0,0,2,0,2,0.00834989535950255,0,4,2
1,0,5,12,2,1,2,0,0,0,0,3,0.015280308507889667,0,3,2
1,0,5,12,2,1,2,0,0,0,0,3,0.015280308507889667,0,3,2
1,0,5,12,2,1,2,0,0,0,0,3,0.015280308507889667,0,3,2
1,0,5,12,2,1,1,0,0,0,0,3,0.012961984619839549,0,3,1
1,0,5,12,2,1,1,0,0,0,0,3,0.012961984619839549,0,3,1
1,0,64,12,2,2,1,0,0,0,0,3,0.015308141492421342,0,4,1
1,0,5,12,2,1,2,0,0,0,0,3,0.015280308507889667,0,3,2
1,0,5,12,2,1,1,0,0,0,0,3,0.012961984619839549,0,3,1
1,0,5,12,2,1,2,0,0,0,0,3,0.015280308507889667,0,3,2
1,0,5,12,2,1,2,0,0,0,0,3,0.015280308507889667,0,3,2
1,0,5,12,2,1,2,0,0,0,0,3,0.015280308507889667,0,3,2
1,0,5,12,2,1,2,0,0,0,0,3,0.015280308507889667,0,3,2
1,0,6,12,2,1,3,0,0,0,3,2,0.0289790486006265,1,3,3
1,0,0,13,0,1,3,0,0,2,0,2,0.022102664186918516,1,1,3
1,0,5,12,2,1,2,0,0,0,0,3,0.015280308507889667,0,3,2
1,0,5,12,2,1,2,0,0,0,0,3,0.015280308507889667,0,3,2
1,0,5,12,2,1,1,0,0,0,0,3,0.0,0,3,1
1,0,5,12,2,1,1,0,0,0,0,3,0.012961984619839549,0,3,1
1,0,5,12,2,1,1,0,0,0,0,3,0.012961984619839549,0,3,1
1,0,145,12,2,1,2,0,0,2,0,2,0.009983855274950304,0,3,2
1,0,49,13,0,1,2,0,0,0,0,2,0.01800957822637805,0,1,2
1,0,45,12,2,8,2,1,0,0,6,2,0.03565077871630746,3,10,3
1,0,49,12,2,4,2,0,0,0,3,2,0.01739561533229698,1,6,2
1,0,11,13,0,2,3,0,0,0,3,2,0.02979766579273459,2,2,3
1,0,11,13,0,2,2,0,0,0,3,2,0.026359473585880602,1,2,2
1,0,23,13,0,1,2,1,0,0,6,2,0.046661179950161315,0,1,3
1,0,0,13,1,1,1,0,0,0,0,2,0.014571386019524058,0,2,1
1,0,0,13,1,1,2,0,0,2,0,2,0.021938940748496897,0,2,2
1,0,39,14,1,0,2,0,0,0,0,2,0.01930299338990884,1,1,2
1,0,73,14,0,2,2,0,0,2,0,2,0.009870886102439387,1,2,2
1,0,2,14,1,3,1,0,0,0,0,2,0.014980694615578105,1,4,1
1,0,0,14,1,4,2,0,0,0,0,2,0.018664471980064525,0,5,2
1,0,0,14,0,2,2,0,0,2,0,2,0.012348021725758478,0,2,2
1,0,0,15,1,0,1,0,0,2,0,2,0.014571386019524058,0,1,1
1,0,1,15,1,0,2,0,0,0,0,2,0.016208620403740246,0,1,2
1,0,10,15,2,0,2,0,0,2,0,2,0.014571386019524058,1,2,2
1,0,28,15,0,1,1,0,0,0,3,2,0.014735109457945678,1,1,1
1,0,23,11,1,0,2,0,0,0,0,2,0.013916492265837584,1,1,2
1,0,64,15,0,1,2,0,0,2,0,2,0.015471864930842962,1,1,2
1,0,3,15,0,2,3,0,0,0,6,2,0.03038215846789977,0,2,3
1,0,31,15,0,1,1,0,0,0,3,2,0.014735109457945678,1,1,1
1,0,11,16,1,0,1,0,0,0,3,2,0.014735109457945678,1,1,1
1,0,7,16,2,0,2,0,0,0,3,2,0.020301706364280712,1,2,2
1,0,55,16,0,1,2,0,0,2,0,3,0.015471864930842962,0,1,2
1,0,55,16,0,1,2,0,0,2,0,3,0.015471864930842962,0,1,2
1,0,94,16,0,2,2,0,0,0,0,3,0.015766567120001875,1,2,2
1,0,94,16,0,2,2,0,0,0,0,3,0.015766567120001875,1,2,2
1,0,94,16,0,2,2,0,0,0,0,3,0.015766567120001875,1,2,2
1,0,14,16,0,2,2,0,0,0,3,2,0.023248728255869846,1,2,2
1,0,1,16,1,1,2,0,0,0,0,2,0.012732771806049282,1,2,2
1,0,40,17,1,0,2,0,0,0,3,2,0.017976833538693726,0,1,2
1,0,61,16,2,1,3,0,0,0,5,2,0.024771356233190902,3,3,3
1,0,1,17,1,0,2,0,0,0,0,2,0.01817330166479967,0,1,2
1,0,0,17,0,1,2,0,0,0,0,2,0.01784585478795643,0,1,2
1,0,38,17,2,1,2,0,0,2,0,2,0.011156115094049094,1,3,2
1,0,34,17,0,1,2,0,0,0,0,2,0.017240078065796444,1,1,2
1,0,16,17,0,1,2,0,0,2,0,2,0.01948308917217262,1,1,2
1,0,37,17,1,1,2,0,0,2,0,2,0.015471864930842962,0,2,2
1,0,1,17,1,1,2,0,0,2,0,2,0.01702723759584834,0,2,2
1,0,31,17,2,1,2,0,0,0,3,2,0.014250488080217687,0,3,2
1,0,168,17,2,3,2,0,0,0,0,3,0.013294343199835435,1,5,2
1,0,35,18,2,0,2,0,0,0,3,2,0.019450344484488295,1,2,2
1,0,77,18,1,1,2,1,0,0,0,3,0.018418886822432097,2,2,3
1,0,77,18,1,1,2,0,0,0,3,3,0.017976833538693726,1,2,2
1,0,3,18,1,2,2,0,0,0,0,2,0.021447770433232042,1,3,2
1,0,97,18,1,3,2,0,0,2,0,2,0.013220667652545705,1,4,2
1,0,108,18,0,1,1,0,0,0,0,2,0.010994028890011692,0,1,1
1,0,45,18,0,1,2,0,0,0,0,2,0.0173874291603759,1,1,2
1,0,127,18,1,3,2,0,0,0,0,3,0.014735109457945678,0,4,2
1,0,127,18,1,3,1,0,0,0,0,3,0.013097875073729491,0,4,1
1,0,127,18,1,3,2,0,0,0,0,3,0.014735109457945678,0,4,2
1,0,127,18,1,3,2,0,0,0,0,3,0.014735109457945678,0,4,2
1,0,127,18,1,3,2,0,0,0,0,2,0.014735109457945678,0,4,2
1,0,127,18,1,3,2,0,0,0,0,3,0.014735109457945678,0,4,2
1,0,127,18,1,3,2,0,0,0,0,3,0.014735109457945678,0,4,2
1,0,127,18,1,3,2,0,0,0,0,3,0.014735109457945678,0,4,2
1,0,4,19,1,0,1,0,0,0,0,2,0.02046542980270233,1,1,1
1,0,99,18,2,4,2,0,0,0,3,2,0.017673945177613733,1,6,2
1,0,102,19,2,2,1,0,0,0,0,2,0.014612316879129464,2,4,1
1,0,1,19,0,2,2,0,0,2,0,2,0.02259383450218337,1,2,2
1,0,95,19,1,2,2,0,0,0,0,2,0.013220667652545705,0,3,2
1,0,1,20,1,0,2,0,0,2,0,2,0.009245462567668804,0,1,2
1,0,1,20,1,0,2,0,0,2,0,2,0.009245462567668804,0,1,2
1,0,0,20,0,1,3,0,0,0,5,2,0.025074244594270895,0,1,3
1,0,0,20,1,1,3,0,0,0,3,2,0.025868303270615744,0,2,3
1,0,24,20,2,3,1,0,0,0,0,2,0.015553726650053772,1,5,1
1,0,24,20,2,3,1,0,0,0,0,2,0.015553726650053772,1,5,1
1,0,77,20,0,4,2,0,0,0,3,2,0.02170972793470663,2,4,2
1,0,91,20,0,3,2,0,0,0,0,3,0.013220667652545705,0,3,2
1,0,73,20,0,1,2,0,0,0,0,2,0.020776504335703407,1,1,2
1,0,196,20,1,3,2,0,0,0,0,3,0.013220667652545705,1,4,2
1,0,196,20,1,3,2,0,0,0,0,3,0.013220667652545705,1,4,2
1,0,196,20,1,3,2,0,0,0,0,3,0.013220667652545705,1,4,2
1,0,196,20,1,3,2,0,0,0,0,3,0.013220667652545705,1,4,2
1,0,196,20,1,3,2,0,0,0,0,3,0.013220667652545705,0,4,2
1,0,5,21,1,0,2,0,0,2,0,2,0.011219967235033525,1,1,2
1,0,14,21,2,0,2,2,0,0,5,2,0.034545645506961535,2,2,4
1,0,0,21,1,0,2,0,0,2,0,2,0.010270371292188137,0,1,2
1,0,53,21,0,1,2,0,0,0,0,2,0.020776504335703407,1,1,2
1,0,5,21,1,2,1,0,0,0,0,3,0.016097288465613542,0,3,1
1,0,116,21,0,1,2,0,0,0,0,2,0.017240078065796444,1,1,2
1,0,4,21,2,2,1,0,0,0,0,3,0.016097288465613542,0,4,1
1,0,0,21,0,0,1,0,0,0,0,3,0.0,0,0,1
1,0,5,21,1,3,1,0,0,0,0,2,0.016097288465613542,0,4,1
1,0,31,21,2,4,1,0,0,0,0,2,0.015553726650053772,1,6,1
1,0,1,21,0,1,2,0,0,0,4,2,0.03372702831485344,0,1,2
1,0,101,21,0,3,3,0,0,0,5,2,0.03256459190205995,2,3,3
1,0,23,22,1,0,2,1,0,0,3,2,0.028406016566150834,1,1,3
1,0,228,22,2,0,2,0,0,0,0,2,0.0173874291603759,1,2,2
1,0,14,22,1,0,2,0,0,2,0,2,0.021120323556388803,2,1,2
1,0,9,21,2,2,2,0,0,0,6,2,0.04207692367435599,0,4,2
1,0,93,22,1,2,2,0,0,1,4,3,0.034545645506961535,0,3,2
1,0,93,22,1,2,2,0,0,1,4,3,0.034545645506961535,0,3,2
1,0,8,22,0,1,2,0,0,2,0,2,0.016208620403740246,1,1,2
1,0,13,22,1,2,2,1,0,2,0,2,0.017208970612496335,2,3,3
1,0,27,22,2,2,2,0,0,0,0,2,0.014872637146219838,1,4,2
1,0,87,22,0,1,1,0,0,0,0,2,0.015430934071237556,1,1,1
1,0,73,22,1,4,2,0,0,0,3,2,0.02127749805727356,1,5,2
1,0,135,22,2,1,2,0,0,2,0,2,0.016650673687478617,1,3,2
1,0,18,23,2,1,1,0,0,0,0,2,0.01839105383790042,1,3,1
1,0,134,23,1,1,2,0,0,2,0,2,0.015471864930842962,0,2,2
1,0,38,23,0,1,2,0,0,2,0,2,0.01458775836336622,1,1,2
1,0,5,23,0,1,2,0,0,2,0,2,0.01948308917217262,0,1,2
1,0,14,23,0,1,1,0,0,0,3,2,0.01976141901748937,0,1,1
1,0,2,23,0,1,2,0,0,0,0,2,0.019646812610594238,1,1,2
1,0,110,23,0,1,2,1,0,0,0,3,0.023428824038133626,3,1,3
1,0,110,23,0,1,2,0,0,0,3,2,0.024558515763242795,1,1,2
1,0,102,23,0,1,2,0,0,0,3,2,0.022986770754395258,0,1,2
1,0,19,23,0,3,3,0,0,0,3,2,0.027887013266354305,1,3,3
1,0,15,23,1,3,2,0,0,2,0,2,0.01531796489872664,1,4,2
1,0,220,23,2,1,2,0,0,0,0,3,0.012005839739457295,1,3,2
1,0,220,23,2,1,2,0,0,0,0,3,0.012005839739457295,1,3,2
1,0,220,23,2,1,2,0,0,0,0,3,0.012005839739457295,1,3,2
1,0,220,23,2,1,1,0,0,0,0,3,0.010096824447461222,0,3,1
1,0,220,23,2,1,2,0,0,0,0,3,0.012005839739457295,1,3,2
1,0,220,23,2,1,2,0,0,0,0,3,0.012005839739457295,1,3,2
1,0,220,23,2,1,2,0,0,0,0,3,0.012005839739457295,1,3,2
1,0,220,23,2,1,2,0,0,0,0,3,0.012005839739457295,1,3,2
1,0,220,23,2,1,2,0,0,0,0,3,0.012005839739457295,1,3,2
1,0,220,23,2,1,2,0,0,0,0,3,0.012005839739457295,1,3,2
1,0,220,23,2,1,2,0,0,0,0,3,0.012005839739457295,1,3,2
1,0,220,23,2,1,2,0,0,0,0,3,0.012005839739457295,1,3,2
1,0,220,23,2,1,2,0,0,0,0,3,0.012005839739457295,1,3,2
1,0,220,23,2,1,2,0,0,0,0,3,0.012005839739457295,1,3,2
1,0,220,23,2,1,2,0,0,0,0,3,0.012005839739457295,1,3,2
1,0,220,23,2,1,2,0,0,0,0,3,0.012005839739457295,1,3,2
1,0,220,23,2,1,1,0,0,0,0,3,0.0,0,3,1
1,0,220,23,2,1,2,0,0,0,0,3,0.012005839739457295,1,3,2
1,0,220,23,2,1,1,0,0,0,0,3,0.010096824447461222,0,3,1
1,0,220,23,2,1,2,0,0,0,0,3,0.012005839739457295,1,3,2
1,0,220,23,2,1,2,0,0,0,0,3,0.012005839739457295,1,3,2
1,0,220,23,2,1,2,0,0,0,0,3,0.012005839739457295,1,3,2
1,0,111,24,2,0,2,0,0,0,0,2,0.019008291200749924,1,2,2
1,0,0,24,0,1,2,0,0,2,0,2,0.01784585478795643,0,1,2
1,0,118,24,1,2,1,0,0,0,0,3,0.01800957822637805,0,3,1
1,0,14,24,0,1,2,0,0,0,0,2,0.019810536049015854,1,1,2
1,0,43,24,0,1,2,0,0,0,0,2,0.013728210311652722,2,1,2
1,0,18,24,0,1,2,0,0,0,0,2,0.015168976569762968,0,1,2
1,0,18,24,0,1,2,0,0,0,0,2,0.015168976569762968,0,1,2
1,0,63,24,0,1,2,0,0,2,0,2,0.01784585478795643,1,1,2
1,0,3,24,0,3,1,0,0,0,3,2,0.017985019710614808,2,3,1
1,0,14,24,0,4,1,0,0,0,0,2,0.018140556977115346,1,4,1
1,0,14,24,0,4,2,0,0,0,0,2,0.018140556977115346,1,4,2
1,0,106,24,0,4,2,0,0,0,0,2,0.015108398897546968,1,4,2
1,0,118,24,1,5,1,0,0,0,0,3,0.01800957822637805,2,6,1
1,0,120,25,1,0,2,1,0,0,0,3,0.023428824038133626,4,1,3
1,0,2,25,1,0,2,0,0,2,0,2,0.012934151635307872,1,1,2
1,0,13,25,0,1,2,0,0,2,0,2,0.014571386019524058,0,1,2
1,0,34,25,2,1,0,2,0,0,1,2,0.019564950891383426,1,3,2
1,0,34,25,2,1,2,0,0,0,1,2,0.019564950891383426,1,3,2
1,0,137,25,1,1,2,0,0,0,0,2,0.01662284070294694,2,2,2
1,0,102,25,2,3,3,0,0,0,3,2,0.02458307427900604,0,5,3
1,0,1,25,0,1,1,0,0,1,0,2,0.014612316879129464,0,1,1
1,0,243,26,2,0,2,0,0,0,1,2,0.01564868624433831,1,2,2
1,0,243,26,2,0,2,0,0,0,1,2,0.01564868624433831,1,2,2
1,0,48,26,0,1,2,0,0,2,0,2,0.01458775836336622,1,1,2
1,0,59,26,1,1,2,0,0,2,0,2,0.01458775836336622,1,2,2
1,0,50,26,0,1,2,0,0,0,0,2,0.012593606883390906,1,1,2
1,0,50,26,0,1,2,0,0,0,0,2,0.012593606883390906,1,1,2
1,0,39,26,0,2,1,2,0,0,5,2,0.02755465468635842,2,2,3
1,0,146,26,1,3,2,0,0,0,0,2,0.015059281866020484,0,4,2
1,0,87,27,1,0,2,0,0,2,0,2,0.013998353985048393,1,1,2
1,0,39,27,2,0,2,0,0,0,0,2,0.016355971498319702,1,2,2
1,0,16,27,1,0,2,1,0,0,0,2,0.022069919499234196,1,1,3
1,0,84,27,2,1,3,0,0,0,0,2,0.016981395033090284,2,3,3
1,0,146,27,0,1,2,0,0,0,0,2,0.013998353985048393,1,1,2
1,0,17,27,0,2,3,1,0,0,6,2,0.03880245490592362,1,2,4
1,0,12,27,0,2,1,0,0,0,3,2,0.024722239201664414,2,2,1
1,0,12,27,0,2,2,1,0,0,3,2,0.02554085639377251,3,2,3
1,0,38,27,0,1,2,0,0,2,0,2,0.017534780254955355,1,1,2
1,0,54,27,0,1,2,0,0,2,0,2,0.017534780254955355,1,1,2
1,0,20,27,0,4,2,0,0,0,3,2,0.020334451051965036,0,4,2
1,0,107,27,0,5,3,0,0,0,3,2,0.024018228416451452,2,5,3
1,0,82,27,0,1,3,0,0,0,6,2,0.030293747811152096,2,1,3
1,0,140,27,1,1,3,0,0,0,3,2,0.021071206524862315,3,2,3
1,0,0,28,1,0,1,0,0,2,0,2,0.015203358491831506,0,1,1
1,0,140,27,1,1,2,2,0,0,1,2,0.014533729628687085,1,2,4
1,0,137,27,1,1,2,2,0,0,1,2,0.014533729628687085,1,2,4
1,0,160,27,1,3,2,0,0,0,0,2,0.014890646724446215,1,4,2
1,0,100,28,1,0,2,0,0,2,0,2,0.018418886822432097,1,1,2
1,0,11,28,1,0,2,3,0,0,6,2,0.04371415805857218,3,1,5
1,0,138,27,2,2,2,0,0,0,0,2,0.011734058831677408,1,4,2
1,0,53,28,2,1,2,0,0,2,0,2,0.017534780254955355,1,3,2
1,0,128,27,2,4,2,2,0,0,5,2,0.02671966515040816,2,6,4
1,0,0,28,0,3,2,0,0,2,0,2,0.018084891008051995,1,3,2
1,0,4,28,0,3,2,0,0,0,0,2,0.024722239201664414,1,3,2
1,0,118,28,0,1,2,0,0,0,0,2,0.014409299815486658,1,1,2
1,0,56,29,1,0,2,0,0,0,0,2,0.014409299815486658,0,1,2
1,0,57,29,0,1,2,0,0,0,0,2,0.017240078065796444,1,1,2
1,0,97,29,0,2,2,1,0,0,0,2,0.019892397768226665,1,2,3
1,0,128,29,1,2,2,0,0,0,3,3,0.015951574605418305,1,3,2
1,0,128,29,1,2,3,0,0,0,0,3,0.01904431035720268,2,3,3
1,0,94,29,0,2,3,0,0,0,3,2,0.022544717470656884,0,2,3
1,0,94,29,0,2,3,0,0,0,3,2,0.022544717470656884,2,2,3
1,0,4,29,0,1,2,1,0,0,0,2,0.024722239201664414,1,1,3
1,0,33,29,0,1,1,0,0,2,0,2,0.020481802146544492,1,1,1
1,0,73,29,0,3,2,0,0,0,0,2,0.013916492265837584,0,3,2
1,0,57,30,1,0,2,0,0,2,0,2,0.013851002890468936,0,1,2
1,0,121,29,2,1,2,0,0,0,0,2,0.017240078065796444,1,3,2
1,0,81,29,2,1,2,0,0,0,0,2,0.01571745008847539,0,3,2
1,0,0,30,0,1,2,0,0,2,0,2,0.016208620403740246,0,1,2
1,0,60,30,0,1,2,0,0,0,0,2,0.01327469638722484,1,1,2
1,0,11,30,1,2,1,0,0,0,4,2,0.02854190702004078,0,3,1
1,0,226,30,0,2,1,0,0,0,0,3,0.010519230918588997,0,2,1
1,0,226,30,0,2,2,0,0,0,0,3,0.012524843039253827,1,2,2
1,0,226,30,0,2,2,0,0,0,0,3,0.012524843039253827,1,2,2
1,0,226,30,0,2,2,0,0,0,0,3,0.012524843039253827,1,2,2
1,0,226,30,0,2,2,0,0,0,0,3,0.012524843039253827,1,2,2
1,0,226,30,0,2,2,0,0,0,0,3,0.012524843039253827,1,2,2
1,0,226,30,0,2,2,0,0,0,0,3,0.012524843039253827,1,2,2
1,0,226,30,0,2,1,0,0,0,0,3,0.010519230918588997,0,2,1
1,0,226,30,0,2,1,0,0,0,0,3,0.010519230918588997,0,2,1
1,0,226,30,0,2,1,0,0,0,0,3,0.010519230918588997,0,2,1
1,0,226,30,0,2,2,0,0,0,0,3,0.012524843039253827,1,2,2
1,0,226,30,0,2,2,0,0,0,0,3,0.012524843039253827,1,2,2
1,0,226,30,0,2,2,0,0,0,0,3,0.012524843039253827,1,2,2
1,0,226,30,0,2,2,0,0,0,0,3,0.012524843039253827,1,2,2
1,0,226,30,0,2,2,0,0,0,0,3,0.012524843039253827,1,2,2
1,0,226,30,0,2,2,0,0,0,0,3,0.012524843039253827,1,2,2
1,0,226,30,0,2,2,0,0,0,0,3,0.012524843039253827,1,2,2
1,0,226,30,0,2,2,0,0,0,0,3,0.012524843039253827,1,2,2
1,0,226,30,0,2,1,0,0,0,0,3,0.010519230918588997,0,2,1
1,0,226,30,0,2,2,0,0,0,0,3,0.012524843039253827,1,2,2
1,0,226,30,0,2,2,0,0,0,0,3,0.012524843039253827,1,2,2
1,0,226,30,0,2,1,0,0,0,0,3,0.010519230918588997,0,2,1
1,0,226,30,0,2,2,0,0,0,0,3,0.012524843039253827,1,2,2
1,0,0,30,0,1,2,0,0,2,0,2,0.013533379419930996,0,1,2
1,0,0,31,0,1,1,0,0,0,0,2,0.01770014092776119,0,1,1
1,0,0,31,0,1,2,0,0,2,0,2,0.010098461681845437,0,1,2
1,0,4,32,0,1,3,0,0,0,4,2,0.03356330487643182,0,1,3
1,0,11,32,0,1,2,1,0,0,0,2,0.022675696221394183,1,1,3
1,0,4,32,0,1,1,1,0,2,0,2,0.01531796489872664,0,1,2
1,0,4,32,0,1,2,1,0,2,0,2,0.01594830013664987,0,1,3
1,0,4,32,0,1,2,0,0,2,0,2,0.015214819132521021,0,1,2
1,0,23,32,0,2,2,0,0,0,0,2,0.024722239201664414,1,2,2
1,0,131,32,0,3,2,0,0,0,0,2,0.01424885084583347,3,3,2
1,0,7,32,0,1,2,2,0,0,5,2,0.039293625221188476,1,1,4
1,0,236,32,0,5,2,0,0,0,0,2,0.014571386019524058,0,5,2
1,0,11,33,1,0,2,2,0,0,5,2,0.031328479941976725,1,1,4
1,0,221,33,0,1,1,0,0,1,0,3,0.01195181100477816,0,1,1
1,0,116,33,0,1,2,2,0,0,6,2,0.033193289905598965,1,1,4
1,0,40,33,1,1,2,0,0,0,6,2,0.033625519783032035,1,2,2
1,0,11,33,2,2,2,0,0,2,0,2,0.02275755794060499,0,4,2
1,0,6,34,1,2,2,0,0,0,3,2,0.029579913619633837,1,3,2
1,0,0,34,0,1,1,0,0,0,0,2,0.02259383450218337,0,1,1
1,0,0,34,0,1,1,0,0,0,0,2,0.01784585478795643,0,1,1
1,0,320,34,0,2,2,0,0,1,0,3,0.018828195418486144,1,2,2
1,0,5,34,0,1,2,0,0,0,0,2,0.021284046994810422,1,1,2
1,0,155,35,1,0,2,0,0,2,0,2,0.015471864930842962,1,1,2
1,0,155,35,1,0,2,1,0,0,0,2,0.019892397768226665,1,1,3
1,0,0,34,2,2,2,0,0,2,0,2,0.012839192041023333,0,4,2
1,0,7,35,0,1,2,0,0,2,0,2,0.020956600117967187,1,1,2
1,0,0,35,0,1,2,0,0,2,0,2,0.02275755794060499,0,1,2
1,0,168,34,2,2,2,1,0,0,3,2,0.016351059795167055,1,4,3
1,0,1,35,0,1,1,0,0,2,0,2,0.013292705965451217,0,1,1
1,0,21,35,0,1,2,1,0,2,0,2,0.023985483728767132,2,1,3
1,0,32,35,0,3,2,2,0,0,4,2,0.02995320305923513,2,3,4
1,0,4,35,0,1,2,0,0,0,0,2,0.02439479232482118,1,1,2
1,0,10,35,1,4,3,0,0,0,6,2,0.02622194589760644,1,5,3
1,0,112,35,0,4,2,0,0,0,4,2,0.015168976569762968,2,4,2
1,0,8,35,1,5,2,0,0,0,3,2,0.016283933185414188,1,6,2
1,0,112,35,0,4,2,0,0,0,4,2,0.015168976569762968,2,4,2
1,0,1,35,1,2,1,0,0,0,3,2,0.028487878285361642,1,3,1
1,0,19,36,2,1,2,0,0,2,0,2,0.018500748541642905,2,3,2
1,0,22,36,0,2,2,1,0,0,6,1,0.032715217465407835,1,2,3
1,0,0,36,0,2,2,0,0,2,0,2,0.012722948399743984,0,2,2
1,0,26,36,2,3,3,0,0,0,4,2,0.02715025779345702,0,5,3
1,0,0,36,0,1,2,0,0,2,0,2,0.016311766169945865,0,1,2
1,0,28,36,0,1,2,0,0,2,0,2,0.01800957822637805,0,1,2
1,0,191,36,0,4,2,0,0,0,3,2,0.013823169905937262,1,4,2
1,0,191,36,0,4,1,0,0,0,3,2,0.013823169905937262,2,4,1
1,0,64,36,0,1,2,1,0,0,0,2,0.023821760290345512,2,1,3
1,0,3,36,0,1,2,0,0,0,3,2,0.02292128137902661,1,1,2
1,0,0,36,0,1,2,0,0,2,0,2,0.015406375555474312,0,1,2
1,0,182,36,0,1,2,0,0,0,0,2,0.015997417168176355,1,1,2
1,0,62,36,0,1,2,0,0,0,0,2,0.017976833538693726,1,1,2
1,0,62,36,2,1,2,0,0,0,0,2,0.017976833538693726,2,3,2
1,0,23,37,1,0,2,0,0,0,0,2,0.015380179805326855,1,1,2
1,0,50,36,2,4,2,0,0,2,3,2,0.02039666595856525,0,6,2
1,0,40,37,0,1,2,0,0,0,4,2,0.024460281700189827,0,1,2
1,0,9,37,2,2,1,0,0,0,3,2,0.015530805368674743,1,4,1
1,0,12,37,0,1,2,0,0,2,0,2,0.021120323556388803,2,1,2
1,0,1,36,2,5,1,0,0,0,0,2,0.01800957822637805,0,7,1
1,0,32,36,2,5,3,1,0,0,6,2,0.03808043454248428,0,7,4
1,0,40,37,0,2,2,0,0,0,4,2,0.025933792645984395,0,2,2
1,0,52,37,0,2,3,0,0,0,3,2,0.024460281700189827,2,2,3
1,0,67,37,0,3,2,0,0,0,3,2,0.018720137949127875,1,3,2
1,0,80,37,2,4,1,0,0,0,0,3,0.013916492265837584,0,6,1
1,0,88,36,2,5,1,0,0,0,0,3,0.013916492265837584,1,7,1
1,0,0,37,2,4,1,0,0,0,0,3,0.013916492265837584,1,6,1
1,0,23,37,0,2,2,0,0,0,0,2,0.021284046994810422,1,2,2
1,0,116,21,1,0,2,0,0,0,0,2,0.020629153241123948,3,1,2
1,0,213,37,0,3,2,0,0,0,3,2,0.01917365187355576,1,3,2
1,0,39,38,1,5,1,0,0,0,0,3,0.017682131349534815,0,6,1
1,0,50,37,1,1,2,0,0,0,3,2,0.023870877321872,2,2,2
1,0,0,38,1,0,1,0,0,2,0,2,0.013921403968990232,0,1,1
1,0,2,38,1,0,2,0,0,0,3,2,0.023739898571134704,1,1,2
1,0,14,38,1,0,1,0,0,2,0,2,0.014571386019524058,2,1,1
1,0,38,37,1,1,2,0,0,0,3,2,0.027926306891575492,2,2,2
1,0,17,38,2,0,2,0,0,2,0,2,0.015308141492421342,2,2,2
1,0,34,38,2,0,2,0,0,2,0,2,0.020481802146544492,2,2,2
1,0,40,38,0,4,1,0,0,0,0,3,0.017682131349534815,0,4,1
1,0,78,38,2,0,3,0,0,0,5,2,0.026208848022532715,1,2,3
1,0,5,38,1,0,2,0,0,0,0,2,0.019913681815221473,2,1,2
1,0,94,38,2,1,2,0,0,0,0,2,0.022250015281497976,2,3,2
1,0,3,38,1,2,2,0,0,0,0,2,0.015553726650053772,0,3,2
1,0,121,37,2,4,2,1,0,2,0,2,0.01469581583272449,0,6,3
1,0,58,38,0,2,2,0,0,0,3,2,0.02030825530181758,1,2,2
1,0,8,38,0,1,2,0,0,2,0,2,0.02439479232482118,3,1,2
1,0,30,38,0,1,2,0,0,2,0,2,0.020481802146544492,2,1,2
1,0,0,38,0,1,2,0,0,2,0,2,0.01740052703544963,0,1,2
1,0,9,38,0,1,2,0,0,2,0,2,0.02439479232482118,3,1,2
1,0,31,38,0,1,2,0,0,2,0,2,0.020481802146544492,1,1,2
1,0,15,38,0,2,2,0,0,0,3,2,0.02319633675557493,1,2,2
1,0,40,38,0,4,1,0,0,0,0,3,0.017682131349534815,0,4,1
1,0,115,38,0,1,2,0,0,2,0,2,0.019450344484488295,2,1,2
1,0,40,38,0,5,1,0,0,0,0,3,0.017682131349534815,0,5,1
1,0,40,38,0,5,1,0,0,0,0,3,0.017682131349534815,0,5,1
1,0,197,38,0,3,2,0,0,2,0,2,0.019008291200749924,1,3,2
1,0,111,38,0,2,3,0,0,0,3,2,0.02755465468635842,3,2,3
1,0,1,38,1,1,2,0,0,0,3,2,0.025465543612098563,2,2,2
1,0,67,38,2,2,2,0,0,0,3,2,0.022544717470656884,1,4,2
1,0,89,38,2,2,2,0,0,0,3,2,0.024460281700189827,1,4,2
1,0,88,38,2,3,2,0,0,0,3,2,0.024460281700189827,1,5,2
1,0,56,39,0,1,2,0,0,0,0,2,0.013998353985048393,0,1,2
1,0,57,39,0,1,2,0,0,0,3,2,0.01883474435602301,2,1,2
1,0,57,39,0,1,2,0,0,0,3,2,0.01883474435602301,2,1,2
1,0,20,39,1,3,1,0,0,0,0,2,0.01948308917217262,0,4,1
1,0,57,39,0,2,2,0,0,0,0,2,0.016621203468562724,0,2,2
1,0,1,39,0,1,2,0,0,2,0,2,0.021212008681904912,0,1,2
1,0,42,35,8,20,0,0,0,0,3,2,0.0,1,28,0
1,0,123,39,0,2,2,0,0,0,4,2,0.02652319702430222,0,2,2
1,0,154,40,1,0,2,0,0,0,0,2,0.020923855430282863,0,1,2
1,0,0,40,1,0,2,0,0,0,0,2,0.021284046994810422,0,1,2
1,0,22,39,2,1,2,0,0,0,0,2,0.02275755794060499,2,3,2
1,0,36,40,2,0,2,0,0,0,0,2,0.014749844567403624,1,2,2
1,0,0,40,0,1,2,0,0,2,0,2,0.016432921514377863,0,1,2
1,0,11,40,2,1,2,0,0,2,0,2,0.021120323556388803,1,3,2
1,0,0,40,0,1,2,0,0,2,0,2,0.01746110470766563,0,1,2
1,0,76,40,0,3,1,0,0,2,0,2,0.020481802146544492,1,3,1
1,0,57,39,2,5,2,0,0,0,3,2,0.024060796510441077,1,7,2
1,0,64,40,0,3,2,0,0,0,0,2,0.016621203468562724,0,3,2
1,0,64,40,0,3,2,0,0,0,0,2,0.016621203468562724,0,3,2
1,0,78,40,0,3,2,0,0,0,0,2,0.015553726650053772,1,3,2
1,0,1,40,1,2,1,0,0,0,4,2,0.035200539260648006,0,3,1
1,0,47,41,2,0,2,0,0,2,0,2,0.013615241139141806,2,2,2
1,0,9,40,2,1,2,3,0,0,6,2,0.045569144615889116,0,3,5
1,0,33,41,1,0,1,0,0,2,0,2,0.019745046673647206,1,1,1
1,0,26,41,2,0,1,0,0,2,0,2,0.021938940748496897,1,2,1
1,0,0,40,2,1,1,0,0,0,0,2,0.024558515763242795,1,3,1
1,0,5,40,2,2,2,0,0,0,6,2,0.03624509479777793,2,4,2
1,0,12,41,2,1,1,0,0,0,0,2,0.000982340630529712,0,3,1
1,0,21,41,2,1,2,0,0,0,3,2,0.010041158478397871,0,3,2
1,0,20,41,2,1,2,0,0,0,3,2,0.026850643901145457,0,3,2
1,0,1,41,2,1,1,0,0,0,0,2,0.02521340951692927,1,3,1
1,0,164,41,0,1,2,0,0,0,0,2,0.01915564229532938,0,1,2
1,0,185,41,0,2,2,0,0,0,3,2,0.02003974886280612,1,2,2
1,0,45,41,0,3,2,0,0,0,3,2,0.016706339656541967,1,3,2
1,0,49,41,0,2,1,0,0,0,0,2,0.018566237917011556,2,2,1
1,0,0,41,0,1,1,0,0,0,0,2,0.025868303270615744,0,1,1
1,0,40,41,1,4,2,0,0,0,3,2,0.015632313900496148,1,5,2
1,0,0,41,0,1,2,0,0,2,0,2,0.029470218915891355,0,1,2
1,0,59,42,1,0,2,0,0,2,0,2,0.017682131349534815,1,1,2
1,0,59,42,1,0,2,0,0,0,3,2,0.024754983889348735,0,1,2
1,0,95,41,1,2,3,0,0,0,3,2,0.024754983889348735,2,3,3
1,0,163,41,1,1,1,0,0,2,0,2,0.015001978662572916,1,2,1
1,0,102,42,1,0,2,0,0,2,0,2,0.017682131349534815,1,1,2
1,0,36,42,0,1,1,0,0,2,0,1,0.016798024782058073,2,1,1
1,0,0,41,1,1,2,0,0,2,0,2,0.014276683830365147,0,2,2
1,0,110,42,1,0,1,0,0,0,0,3,0.019646812610594238,0,1,1
1,0,180,42,1,2,1,0,0,0,0,1,0.019646812610594238,0,3,1
1,0,36,42,0,1,1,0,0,2,0,3,0.016798024782058073,2,1,1
1,0,17,41,2,2,2,0,0,0,0,2,0.019162191232866246,1,4,2
1,0,0,42,1,0,1,0,0,2,0,2,0.013533379419930996,0,1,1
1,0,98,42,2,1,2,0,0,2,0,2,0.017682131349534815,3,3,2
1,0,13,42,1,2,2,0,0,0,0,2,0.026032026709037363,0,3,2
1,0,0,42,0,1,1,0,0,2,1,2,0.022266387625340136,0,1,1
1,0,111,42,1,2,1,0,0,0,0,3,0.019646812610594238,1,3,1
1,0,36,42,0,1,1,0,0,2,0,3,0.016798024782058073,2,1,1
1,0,180,42,1,2,1,0,0,0,0,3,0.019646812610594238,1,3,1
1,0,36,42,0,1,1,0,0,2,0,3,0.016798024782058073,2,1,1
1,0,180,42,1,2,1,0,0,0,0,3,0.019646812610594238,0,3,1
1,0,113,42,0,1,1,0,0,2,0,3,0.017682131349534815,1,1,1
1,0,180,42,1,2,1,0,0,0,0,3,0.019646812610594238,0,3,1
1,0,36,42,0,1,1,0,0,2,0,3,0.016798024782058073,2,1,1
1,0,1,42,0,2,2,0,0,2,0,2,0.016388716186004026,1,2,2
1,0,0,42,0,1,1,0,0,2,0,3,0.017682131349534815,1,1,1
1,0,5,42,0,2,2,0,0,0,6,2,0.035298773323700974,1,2,2
1,0,99,42,0,4,1,0,0,0,4,2,0.025013666922054895,0,4,1
1,0,99,42,0,4,2,0,0,0,4,2,0.025013666922054895,0,4,2
1,0,100,42,0,3,2,0,0,0,4,2,0.02496127542175998,0,3,2
1,0,53,41,3,6,2,0,0,0,6,2,0.036543071455705275,1,9,2
1,0,0,42,1,3,2,0,0,0,5,2,0.001964681261059424,0,4,2
1,0,0,42,1,1,1,0,0,2,0,2,0.01082703098282164,0,2,1
1,0,114,42,1,4,0,0,0,0,3,2,0.0,0,5,0
1,0,50,43,1,0,2,0,0,2,0,2,0.017682131349534815,1,1,2
1,0,57,42,2,4,1,0,0,0,3,2,0.021071206524862315,0,6,1
1,0,57,42,2,4,1,0,0,0,3,2,0.021071206524862315,0,6,1
1,0,28,43,0,1,1,0,0,2,0,2,0.014245576377065038,1,1,1
1,0,36,43,0,2,2,0,0,2,0,2,0.019564950891383426,2,2,2
1,0,0,43,0,1,2,0,0,2,0,2,0.019646812610594238,0,1,2
1,0,7,43,0,2,2,0,0,2,0,2,0.019122897607645056,1,2,2
1,0,193,43,0,4,1,0,0,0,0,2,0.011912517379556974,1,4,1
1,0,0,43,0,1,1,0,0,2,0,2,0.012325100444379452,0,1,1
1,0,220,43,1,3,2,0,0,2,0,2,0.013220667652545705,1,4,2
1,0,220,43,1,3,2,0,0,2,0,2,0.013220667652545705,1,4,2
1,0,3,44,0,1,1,0,0,2,0,2,0.0138673752343111,1,1,1
1,0,7,44,0,1,2,0,0,2,0,2,0.019646812610594238,1,1,2
1,0,69,44,0,1,1,0,0,2,0,2,0.009417372178011505,1,1,1
1,0,86,44,0,4,3,0,0,0,3,2,0.020187099957385577,1,4,3
1,0,2,44,0,2,1,0,0,2,0,2,0.02275755794060499,3,2,1
1,0,21,44,2,2,1,0,0,2,0,2,0.01784585478795643,1,4,1
1,0,88,45,2,1,2,0,0,0,0,2,0.012344747256990047,3,3,2
1,0,71,45,0,1,2,0,0,2,0,2,0.012966896322992198,2,1,2
1,0,71,45,0,1,2,0,0,2,0,2,0.012966896322992198,2,1,2
1,0,95,45,2,4,2,0,0,0,0,2,0.011133193812670068,0,6,2
1,0,11,45,1,5,2,0,0,0,2,2,0.01800957822637805,1,6,2
1,0,94,45,1,3,2,0,0,2,0,2,0.012966896322992198,1,4,2
1,0,94,45,1,3,2,0,0,2,0,2,0.012966896322992198,1,4,2
1,0,46,46,1,0,1,0,0,0,0,2,0.01591391821458133,2,1,1
1,0,11,45,2,4,2,0,0,2,0,2,0.01578457669822825,1,6,2
1,0,145,46,1,3,2,0,0,0,0,2,0.028512436801124887,2,4,2
1,0,20,46,1,3,1,0,0,2,0,2,0.028017992017091597,2,4,1
1,0,72,46,0,2,2,0,0,0,0,2,0.028733463442994073,2,2,2
1,0,5,46,2,3,2,0,0,2,0,2,0.017466016410818276,1,5,2
1,0,17,46,0,4,2,0,0,0,3,2,0.023482852772812764,1,4,2
1,0,57,46,0,2,2,0,0,2,0,2,0.012966896322992198,1,2,2
1,0,33,46,0,2,1,0,0,2,0,2,0.01702723759584834,1,2,1
1,0,33,46,0,2,1,0,0,2,0,2,0.01800957822637805,1,2,1
1,0,28,46,1,5,1,0,0,0,3,2,0.024091903963741185,0,6,1
1,0,92,46,1,2,2,0,0,0,0,2,0.017436546191902384,1,3,2
1,0,71,46,1,5,2,1,0,0,5,2,0.025457357440177485,1,6,3
1,0,4,47,1,0,1,0,0,2,0,2,0.010717336279079155,1,1,1
1,0,53,46,1,2,2,0,0,0,0,2,0.012966896322992198,0,3,2
1,0,104,46,2,3,2,0,0,0,4,2,0.01775253242805611,2,5,2
1,0,5,47,2,3,1,0,0,0,0,3,0.013752768827415966,0,5,1
1,0,8,47,0,4,1,0,0,0,0,2,0.015881173526897007,3,4,1
1,0,27,47,0,4,2,0,0,0,0,2,0.014473151956471088,2,4,2
1,0,77,47,1,1,2,0,0,0,0,2,0.015324513836263504,1,2,2
1,0,260,47,1,4,2,0,0,0,0,2,0.009322412583726965,1,5,2
1,0,54,47,2,2,2,0,0,2,0,2,0.012246513193937074,1,4,2
1,0,16,48,0,1,2,1,0,2,0,2,0.011527767299266169,0,1,3
1,0,19,48,4,7,0,0,0,2,0,1,0.0010478300058983593,0,11,0
1,0,29,48,0,3,3,0,0,0,3,2,0.02038356808349152,0,3,3
1,0,30,48,1,2,2,0,0,0,3,2,0.015471864930842962,0,3,2
1,0,143,48,1,3,2,2,0,0,4,2,0.019990631831279634,0,4,4
1,0,0,48,2,3,2,0,0,0,5,2,0.027792053672069765,0,5,2
1,0,73,49,0,1,2,0,0,2,0,2,0.009983855274950304,1,1,2
1,0,3,49,0,2,2,0,0,0,3,2,0.01923750401454019,2,2,2
1,0,42,49,2,4,1,0,0,2,0,2,0.007940586763448504,1,6,1
1,0,20,50,2,0,2,0,0,2,0,2,0.01440766258110244,1,2,2
1,0,103,50,0,2,2,0,0,2,0,2,0.012966896322992198,2,2,2
1,0,25,50,0,4,2,0,0,0,0,2,0.014473151956471088,1,4,2
1,0,55,50,1,2,2,0,0,2,0,2,0.012966896322992198,1,3,2
1,0,68,50,2,1,2,0,0,0,0,2,0.012966896322992198,0,3,2
1,0,5,51,0,1,2,0,0,0,0,2,0.01571745008847539,1,1,2
1,0,34,51,1,1,1,0,0,2,0,2,0.009194708301758102,0,2,1
1,0,101,51,2,3,2,0,0,0,6,2,0.03274468768432373,0,5,2
1,0,32,51,2,2,2,0,0,2,0,2,0.010902343764495585,1,4,2
1,0,26,52,0,1,2,0,0,2,0,2,0.01109390018744888,1,1,2
1,0,53,51,2,5,2,0,0,2,0,2,0.012246513193937074,2,7,2
1,0,53,51,2,5,2,0,0,2,0,2,0.012246513193937074,2,7,2
1,0,18,52,0,2,4,0,0,0,6,2,0.032651365324423406,2,2,4
1,0,89,52,2,3,2,2,0,0,4,2,0.015507884087295717,0,5,4
1,0,1,53,2,0,4,0,0,0,5,2,0.019646812610594238,2,2,4
1,0,87,53,2,0,2,0,0,2,0,2,0.012966896322992198,0,2,2
1,0,87,53,2,0,2,1,0,0,0,2,0.021447770433232042,0,2,3
1,0,11,53,0,1,2,2,0,0,5,2,0.034218198630118296,0,1,4
1,0,163,53,1,2,3,0,0,0,3,2,0.02003974886280612,2,3,3
1,0,163,53,1,2,3,0,0,0,3,2,0.02003974886280612,2,3,3
1,0,1,53,0,2,3,0,0,0,3,2,0.030780006423264304,1,2,3
1,0,1,53,0,2,2,0,0,2,0,2,0.019646812610594238,1,2,2
1,0,36,53,0,1,2,2,0,0,5,2,0.03372702831485344,0,1,4
1,0,23,53,0,1,3,0,0,0,3,2,0.030780006423264304,2,1,3
1,0,23,53,0,2,2,0,0,0,3,2,0.02423106888639956,2,2,2
1,0,1,53,1,1,1,0,0,0,3,2,0.028291410159255702,0,2,1
1,0,0,1,0,2,2,0,0,0,3,2,0.017682131349534815,0,2,2
1,0,5,1,2,0,2,0,0,0,3,2,0.018050509085983456,1,2,2
1,0,88,1,1,1,2,2,0,0,6,2,0.027559566389511066,1,2,4
1,0,50,1,0,1,2,0,0,0,0,2,0.012966896322992198,0,1,2
1,0,42,53,2,5,2,0,0,0,4,2,0.02395110180669859,0,7,2
1,0,0,1,1,2,1,0,0,0,3,2,0.017899883522635565,0,3,1
1,0,40,1,0,3,2,0,0,2,0,2,0.01109390018744888,1,3,2
1,0,12,1,0,3,1,0,0,0,0,2,0.014751481801787838,1,3,1
1,0,3,1,0,3,1,0,0,0,0,2,0.014751481801787838,1,3,1
1,0,22,1,0,1,2,0,0,0,3,3,0.010969470374248448,2,1,2
1,0,32,1,0,4,2,0,0,0,0,2,0.01114465445335958,1,4,2
1,0,21,1,0,2,1,0,0,0,3,3,0.010969470374248448,2,2,1
1,0,75,2,2,1,1,0,0,0,3,3,0.010969470374248448,2,3,1
1,0,75,2,2,1,1,0,0,0,3,3,0.010969470374248448,2,3,1
1,0,75,2,2,1,1,0,0,0,3,3,0.010969470374248448,2,3,1
1,0,75,2,2,1,1,0,0,0,3,3,0.010969470374248448,2,3,1
1,0,75,2,2,1,1,0,0,0,3,3,0.010969470374248448,2,3,1
1,0,0,2,1,1,1,0,0,0,3,3,0.010969470374248448,2,2,1
1,0,10,2,2,1,1,0,0,0,3,3,0.011296917251091686,2,3,1
1,0,75,2,2,1,1,0,0,0,3,3,0.010969470374248448,0,3,1
1,0,10,2,2,1,1,0,0,0,3,3,0.011296917251091686,2,3,1
1,0,75,2,2,1,1,0,0,0,3,3,0.010969470374248448,2,3,1
1,0,75,2,2,1,1,0,0,0,3,3,0.010969470374248448,2,3,1
1,0,75,2,2,1,1,0,0,0,3,3,0.010969470374248448,2,3,1
1,0,75,2,2,1,2,0,0,0,3,3,0.012770428196886254,2,3,2
1,0,75,2,2,1,2,0,0,0,3,3,0.010969470374248448,0,3,2
1,0,343,2,1,2,2,0,0,2,0,2,0.011640736471777085,3,3,2
1,0,74,1,2,3,1,0,0,0,3,3,0.010969470374248448,2,5,1
1,0,27,2,0,2,1,0,0,0,3,3,0.010969470374248448,2,2,1
1,0,74,1,2,3,1,0,0,0,3,3,0.010969470374248448,2,5,1
1,0,0,2,1,2,1,0,0,2,0,2,0.00876247842432503,0,3,1
1,0,74,1,2,3,1,0,0,0,3,3,0.010969470374248448,2,5,1
1,0,74,1,2,3,2,1,0,0,3,3,0.017682131349534815,3,5,3
1,0,74,1,2,3,1,0,0,0,3,3,0.010969470374248448,2,5,1
1,0,35,2,0,1,3,0,0,2,0,2,0.016437833217530513,1,1,3
1,0,87,2,0,1,2,0,0,2,0,2,0.014440407268786764,1,1,2
1,0,10,2,1,2,2,0,0,0,0,2,0.013963972062979856,0,3,2
1,0,1,2,2,1,1,0,0,2,0,2,0.01141152365798682,1,3,1
1,0,33,2,2,6,2,0,0,0,3,2,0.011807734378967137,1,8,2
1,0,34,2,3,6,1,0,0,0,0,2,0.010286743636030299,1,9,1
1,0,15,3,2,2,2,0,0,2,0,2,0.010529054324894295,1,4,2
1,0,9,3,2,2,1,0,0,0,0,3,0.010642023497405211,0,4,1
1,0,9,3,2,2,1,0,0,0,0,3,0.010642023497405211,0,4,1
1,0,9,3,2,2,1,0,0,0,0,3,0.010642023497405211,0,4,1
1,0,8,4,0,1,1,0,0,2,0,2,0.0,2,1,1
1,0,48,4,0,2,1,0,0,2,0,2,0.008849251846688487,1,2,1
1,0,7,4,0,3,1,0,0,2,0,2,0.009340422161953342,0,3,1
1,0,0,5,0,1,1,0,0,0,0,2,0.015226279773210533,0,1,1
1,0,240,5,0,1,2,0,0,2,0,2,0.012966896322992198,2,1,2
1,0,2,5,0,1,1,0,0,2,0,2,0.01440766258110244,1,1,1
1,0,23,5,0,0,2,0,0,0,0,2,0.0,1,0,2
1,0,13,6,0,2,2,0,0,0,0,2,0.013991805047511527,3,2,2
1,0,1,6,0,1,1,0,0,2,0,2,0.00934205939633756,1,1,1
1,0,23,5,4,9,1,0,0,2,0,2,0.007126881274493059,1,13,1
1,0,12,6,1,1,2,0,0,0,0,2,0.017682131349534815,2,2,2
1,0,22,7,1,0,2,0,0,2,0,2,0.01440766258110244,0,1,2
1,0,15,7,1,3,2,0,0,0,6,2,0.036510326768020955,1,4,2
1,0,32,7,0,4,2,0,1,2,0,2,0.009430470053085234,1,4,3
1,0,2,7,0,2,2,0,0,2,0,2,0.016208620403740246,0,2,2
1,0,10,7,3,5,2,0,0,0,6,2,0.03634660332959934,0,8,2
1,0,50,7,1,3,2,0,0,0,0,2,0.010791011826368884,1,4,2
1,0,2,7,2,3,1,0,0,2,0,2,0.012858838853633928,0,5,1
1,0,2,7,2,2,2,0,0,2,0,2,0.009725172242244147,0,4,2
1,0,18,8,0,1,3,0,0,0,3,2,0.025868303270615744,0,1,3
1,0,0,8,0,1,1,0,0,2,0,2,0.009546713694364583,0,1,1
1,0,1,8,0,2,2,0,0,2,0,2,0.013589045388994346,0,2,2
1,0,1,8,0,1,2,0,0,2,0,2,0.008457952828860818,0,1,2
1,0,16,8,0,4,2,0,0,0,3,2,0.016491861952209644,1,4,2
1,0,0,8,0,1,2,0,0,2,0,2,0.010633837325484131,0,1,2
1,0,11,3,13,30,0,0,0,2,0,2,0.0,0,43,0
1,0,3,9,1,0,1,0,0,2,0,2,0.010216342557509002,0,1,1
1,0,0,9,2,0,2,0,0,2,0,2,0.009546713694364583,0,2,2
1,0,154,9,0,1,2,0,0,0,0,2,0.015324513836263504,2,1,2
1,0,1,9,0,1,1,0,0,2,0,2,0.01440766258110244,1,1,1
1,0,48,9,0,1,2,0,0,0,0,2,0.012606704758464635,0,1,2
1,0,0,9,0,1,1,0,0,2,0,2,0.01440766258110244,0,1,1
1,0,235,9,0,1,2,0,0,2,0,2,0.009983855274950304,1,1,2
1,0,23,9,0,3,1,0,0,2,0,2,0.01440766258110244,1,3,1
1,0,27,9,1,2,2,0,0,0,0,2,0.017682131349534815,0,3,2
1,0,15,9,1,3,1,0,0,2,0,2,0.012246513193937074,1,4,1
1,0,11,10,2,0,2,0,0,0,0,2,0.01561921602542242,0,2,2
1,0,286,9,2,1,2,0,0,0,0,2,0.010324400026867271,1,3,2
1,0,22,9,2,2,2,2,0,0,6,2,0.036510326768020955,0,4,4
1,0,226,10,0,2,2,0,0,0,0,2,0.011788087566356542,0,2,2
1,0,103,10,2,2,2,0,0,0,0,2,0.011941987598472863,0,4,2
1,0,103,10,2,2,1,0,0,0,0,2,0.01050122134036262,0,4,1
1,0,0,10,0,1,1,0,0,2,0,2,0.010633837325484131,0,1,1
1,0,23,10,0,1,1,0,0,2,0,2,0.01440766258110244,0,1,1
1,0,22,10,0,1,1,0,0,0,0,2,0.013916492265837584,0,1,1
1,0,2,10,0,1,2,0,0,2,0,2,0.012835917572254902,0,1,2
1,0,0,10,0,5,1,0,0,0,3,2,0.014735109457945678,0,5,1
